transaction_id,name,department,revenue,units_sold,unit_sold_average_by_department,department_revenue_rank,units_category,quantile_revenue,3days_rolling_average_revenue,previous_revenue,revenue_%,month_name,sales,quarterly,monthly_growth%
27771,Charlie Brown,Sports,250.0,13,7.402777777777778,2.0,High,Q4,250.0,,,February,3250.0,1,
68596,Diana Prince,Clothing,10.5,12,7.6767676767676765,6.0,High,Q1,130.25,250.0,,February,126.0,1,4.2
41598,Alice Smith,Sports,250.0,3,7.402777777777778,2.0,Low,Q4,170.16666666666666,10.5,345.8,September,750.0,3,2380.952380952381
49986,Evan Wright,Sports,10.5,5,7.402777777777778,6.0,Low,Q1,90.33333333333333,250.0,-2270.452380952381,August,52.5,3,4.2
97062,Charlie Brown,Sports,100.25,8,7.402777777777778,4.0,Mideum,Q3,120.25,10.5,196.05,May,802.0,2,954.7619047619047
43397,Diana Prince,Clothing,100.25,2,7.6767676767676765,4.0,Low,Q3,70.33333333333333,100.25,-754.5119047619047,December,200.5,4,100.0
65106,Charlie Brown,Home & Kitchen,10.5,13,7.509708737864078,6.0,High,Q1,70.33333333333333,100.25,10.5,July,136.5,3,10.473815461346634
90688,Diana Prince,Clothing,250.0,7,7.6767676767676765,2.0,Mideum,Q4,120.25,10.5,339.52618453865335,June,1750.0,2,2380.952380952381
73731,Alice Smith,Clothing,500.75,7,7.6767676767676765,1.0,Mideum,Q5,253.75,250.0,-1780.2023809523812,June,3505.25,2,200.3
19903,Charlie Brown,Electronics,-999.0,14,7.373626373626373,7.0,High,Q1,-82.75,500.75,-1099.3,July,-13986.0,3,-199.50074887668495
80831,Evan Wright,Clothing,250.0,6,7.6767676767676765,2.0,Mideum,Q4,-82.75,-999.0,549.500748876685,November,1500.0,4,-25.025025025025027
43997,Alice Smith,Home & Kitchen,10.5,10,7.509708737864078,6.0,Mideum,Q1,-246.16666666666666,250.0,135.525025025025,July,105.0,3,4.2
22112,Alice Smith,Clothing,100.25,4,7.6767676767676765,4.0,Low,Q3,120.25,10.5,196.05,September,401.0,3,954.7619047619047
68053,Alice Smith,Sports,250.0,1,7.402777777777778,2.0,Low,Q4,120.25,100.25,-604.7619047619047,December,250.0,4,249.37655860349128
27778,Bob Jones,Home & Kitchen,250.0,4,7.509708737864078,2.0,Low,Q4,200.08333333333334,250.0,100.62344139650872,June,1000.0,2,100.0
88301,Diana Prince,Clothing,50.0,14,7.6767676767676765,5.0,High,Q2,183.33333333333334,250.0,50.0,April,700.0,2,20.0
19077,Alice Smith,Home & Kitchen,500.75,2,7.509708737864078,1.0,Low,Q5,266.9166666666667,50.0,580.75,August,1001.5,3,1001.5
95530,Diana Prince,Electronics,500.75,14,7.373626373626373,1.0,High,Q5,350.5,500.75,-400.75,December,7010.5,4,100.0
92565,Diana Prince,Beauty,100.25,7,7.186868686868687,4.0,Mideum,Q3,367.25,500.75,100.25,December,701.75,4,20.0199700449326
34917,Diana Prince,Home & Kitchen,50.0,6,7.509708737864078,5.0,Mideum,Q2,217.0,100.25,129.98002995506738,March,300.0,1,49.87531172069826
86961,Bob Jones,Clothing,142.93479355488418,5,7.6767676767676765,3.0,Low,Q4,97.72826451829474,50.0,193.05948183418593,April,714.6739677744209,2,285.86958710976836
13756,Diana Prince,Home & Kitchen,500.75,5,7.509708737864078,1.0,Low,Q5,231.22826451829474,142.93479355488418,314.88041289023164,February,2503.75,1,350.3345739312393
27368,Bob Jones,Clothing,100.25,2,7.6767676767676765,4.0,Low,Q3,247.97826451829474,500.75,-150.0845739312393,January,200.5,1,20.0199700449326
29129,Bob Jones,Electronics,50.0,12,7.373626373626373,5.0,High,Q2,217.0,100.25,129.98002995506738,August,600.0,3,49.87531172069826
56828,Charlie Brown,Sports,100.25,3,7.402777777777778,4.0,Low,Q3,83.5,50.0,150.37468827930175,October,300.75,4,200.5
29956,Alice Smith,Home & Kitchen,10.5,4,7.509708737864078,6.0,Low,Q1,53.583333333333336,100.25,-89.99999999999999,May,42.0,2,10.473815461346634
43662,Alice Smith,Electronics,100.25,5,7.373626373626373,4.0,Low,Q3,70.33333333333333,10.5,189.77618453865335,June,501.25,2,954.7619047619047
73374,Charlie Brown,Home & Kitchen,250.0,11,7.509708737864078,2.0,High,Q4,120.25,100.25,-604.7619047619047,July,2750.0,3,249.37655860349128
96213,Evan Wright,Home & Kitchen,10.5,5,7.509708737864078,6.0,Low,Q1,120.25,250.0,-138.87655860349128,May,52.5,2,4.2
79626,Alice Smith,Beauty,10.5,2,7.186868686868687,6.0,Low,Q1,90.33333333333333,10.5,106.3,November,21.0,4,100.0
79346,Bob Jones,Electronics,10.5,10,7.373626373626373,6.0,Mideum,Q1,10.5,10.5,10.5,December,105.0,4,100.0
93691,Bob Jones,Sports,250.0,4,7.402777777777778,2.0,Low,Q4,90.33333333333333,10.5,250.0,March,1000.0,1,2380.952380952381
16737,Evan Wright,Home & Kitchen,250.0,14,7.509708737864078,2.0,High,Q4,170.16666666666666,250.0,-2030.9523809523812,August,3500.0,3,100.0
30662,Diana Prince,Sports,50.0,12,7.402777777777778,5.0,High,Q2,183.33333333333334,250.0,50.0,September,600.0,3,20.0
32431,Diana Prince,Clothing,250.0,13,7.6767676767676765,2.0,High,Q4,183.33333333333334,50.0,330.0,June,3250.0,2,500.0
73620,Charlie Brown,Beauty,50.0,5,7.186868686868687,5.0,Low,Q2,116.66666666666667,250.0,-350.0,October,250.0,4,20.0
97272,Alice Smith,Clothing,500.75,2,7.6767676767676765,1.0,Low,Q5,266.9166666666667,50.0,580.75,July,1001.5,3,1001.5
17657,Bob Jones,Electronics,50.0,10,7.373626373626373,5.0,Mideum,Q2,200.25,500.75,-851.5,June,500.0,2,9.98502246630055
84553,Diana Prince,Home & Kitchen,50.0,14,7.509708737864078,5.0,High,Q2,200.25,50.0,140.01497753369944,December,700.0,4,100.0
39430,Charlie Brown,Home & Kitchen,500.75,3,7.509708737864078,1.0,Low,Q5,200.25,50.0,500.75,March,1502.25,1,1001.5
34519,Charlie Brown,Electronics,500.75,10,7.373626373626373,1.0,Mideum,Q5,350.5,500.75,-400.75,March,5007.5,1,100.0
47641,Diana Prince,Beauty,100.25,5,7.186868686868687,4.0,Low,Q3,367.25,500.75,100.25,September,501.25,3,20.0199700449326
90199,Diana Prince,Clothing,500.75,14,7.6767676767676765,1.0,High,Q5,367.25,100.25,580.7300299550674,July,7010.5,3,499.501246882793
45954,Charlie Brown,Sports,500.75,10,7.402777777777778,1.0,Mideum,Q5,367.25,500.75,101.248753117207,August,5007.5,3,100.0
43320,Evan Wright,Electronics,100.25,1,7.373626373626373,4.0,Low,Q3,367.25,500.75,100.25,April,100.25,2,20.0199700449326
70535,Evan Wright,Sports,50.0,9,7.402777777777778,5.0,Mideum,Q2,217.0,100.25,129.98002995506738,May,450.0,2,49.87531172069826
97127,Evan Wright,Home & Kitchen,50.0,3,7.509708737864078,5.0,Low,Q2,66.75,50.0,100.12468827930175,October,150.0,4,100.0
96143,Bob Jones,Beauty,50.0,12,7.186868686868687,5.0,High,Q2,50.0,50.0,50.0,February,600.0,1,100.0
33821,Evan Wright,Beauty,50.0,13,7.186868686868687,5.0,High,Q2,50.0,50.0,50.0,June,650.0,2,100.0
15626,Alice Smith,Home & Kitchen,10.5,3,7.509708737864078,6.0,Low,Q1,36.833333333333336,50.0,10.5,January,31.5,1,21.0
80981,Alice Smith,Sports,500.75,6,7.402777777777778,1.0,Mideum,Q5,187.08333333333334,10.5,579.75,December,3004.5,4,4769.047619047619
21694,Evan Wright,Home & Kitchen,50.0,12,7.509708737864078,5.0,High,Q2,187.08333333333334,500.75,-4619.047619047619,April,600.0,2,9.98502246630055
45367,Evan Wright,Home & Kitchen,50.0,1,7.509708737864078,5.0,Low,Q2,200.25,50.0,140.01497753369944,April,50.0,2,100.0
70500,Diana Prince,Clothing,250.0,8,7.6767676767676765,2.0,Mideum,Q4,116.66666666666667,50.0,250.0,October,2000.0,4,500.0
63002,Evan Wright,Home & Kitchen,250.0,6,7.509708737864078,2.0,Mideum,Q4,183.33333333333334,250.0,-150.0,February,1500.0,1,100.0
54547,Bob Jones,Home & Kitchen,250.0,6,7.509708737864078,2.0,Mideum,Q4,250.0,250.0,250.0,March,1500.0,1,100.0
77278,Diana Prince,Clothing,500.75,6,7.6767676767676765,1.0,Mideum,Q5,333.5833333333333,250.0,500.75,July,3004.5,3,200.3
63268,Charlie Brown,Sports,50.0,13,7.402777777777778,5.0,High,Q2,266.9166666666667,500.75,-50.30000000000001,July,650.0,3,9.98502246630055
17491,Charlie Brown,Home & Kitchen,50.0,12,7.509708737864078,5.0,High,Q2,200.25,50.0,140.01497753369944,June,600.0,2,100.0
80342,Alice Smith,Clothing,50.0,9,7.6767676767676765,5.0,Mideum,Q2,50.0,50.0,50.0,July,450.0,3,100.0
80480,Alice Smith,Electronics,100.25,8,7.373626373626373,4.0,Mideum,Q3,66.75,50.0,100.25,September,802.0,3,200.5
51914,Diana Prince,Clothing,50.0,9,7.6767676767676765,5.0,Mideum,Q2,66.75,100.25,-50.499999999999986,January,450.0,1,49.87531172069826
10338,Diana Prince,Home & Kitchen,500.75,10,7.509708737864078,1.0,Mideum,Q5,217.0,50.0,550.8746882793017,October,5007.5,4,1001.5
53585,Bob Jones,Beauty,250.0,3,7.186868686868687,2.0,Low,Q4,266.9166666666667,500.75,-651.5,December,750.0,4,49.925112331502746
46244,Charlie Brown,Clothing,-999.0,10,7.6767676767676765,7.0,Mideum,Q1,-82.75,250.0,-948.9251123315028,July,-9990.0,3,-399.6
22175,Diana Prince,Clothing,250.0,5,7.6767676767676765,2.0,Low,Q4,-166.33333333333334,-999.0,749.6,May,1250.0,2,-25.025025025025027
48890,Diana Prince,Home & Kitchen,10.5,5,7.509708737864078,6.0,Low,Q1,-246.16666666666666,250.0,135.525025025025,December,52.5,4,4.2
44701,Bob Jones,Home & Kitchen,500.75,9,7.509708737864078,1.0,Mideum,Q5,253.75,10.5,596.55,March,4506.75,1,4769.047619047619
21485,Evan Wright,Sports,100.25,10,7.402777777777778,4.0,Mideum,Q3,203.83333333333334,500.75,-4568.797619047619,January,1002.5,1,20.0199700449326
41653,Evan Wright,Clothing,250.0,6,7.6767676767676765,2.0,Mideum,Q4,283.6666666666667,100.25,329.9800299550674,July,1500.0,3,249.37655860349128
67056,Alice Smith,Sports,100.25,11,7.402777777777778,4.0,High,Q3,150.16666666666666,250.0,-49.126558603491276,January,1102.75,1,40.1
11239,Alice Smith,Beauty,50.0,14,7.186868686868687,5.0,High,Q2,133.41666666666666,100.25,109.9,November,700.0,4,49.87531172069826
62307,Alice Smith,Clothing,10.5,4,7.6767676767676765,6.0,Low,Q1,53.583333333333336,50.0,60.62468827930174,February,42.0,1,21.0
76504,Alice Smith,Beauty,10.5,5,7.186868686868687,6.0,Low,Q1,23.666666666666668,10.5,89.5,November,52.5,4,100.0
36685,Bob Jones,Sports,250.0,12,7.402777777777778,2.0,High,Q4,90.33333333333333,10.5,250.0,September,3000.0,3,2380.952380952381
39009,Bob Jones,Beauty,10.5,12,7.186868686868687,6.0,High,Q1,90.33333333333333,250.0,-2270.452380952381,November,126.0,4,4.2
37856,Diana Prince,Clothing,100.25,1,7.6767676767676765,4.0,Low,Q3,120.25,10.5,196.05,April,100.25,2,954.7619047619047
11925,Bob Jones,Electronics,250.0,4,7.373626373626373,2.0,Low,Q4,120.25,100.25,-604.7619047619047,July,1000.0,3,249.37655860349128
94056,Charlie Brown,Clothing,10.5,10,7.6767676767676765,6.0,Mideum,Q1,120.25,250.0,-138.87655860349128,May,105.0,2,4.2
36660,Alice Smith,Electronics,50.0,10,7.373626373626373,5.0,Mideum,Q2,103.5,10.5,145.8,February,500.0,1,476.1904761904762
11759,Diana Prince,Home & Kitchen,50.0,13,7.509708737864078,5.0,High,Q2,36.833333333333336,50.0,-326.1904761904762,August,650.0,3,100.0
10281,Evan Wright,Sports,500.75,4,7.402777777777778,1.0,Low,Q5,200.25,50.0,500.75,April,2003.0,2,1001.5
10235,Alice Smith,Sports,250.0,14,7.402777777777778,2.0,High,Q4,266.9166666666667,500.75,-651.5,September,3500.0,3,49.925112331502746
48197,Bob Jones,Electronics,50.0,11,7.373626373626373,5.0,High,Q2,266.9166666666667,250.0,100.07488766849727,May,550.0,2,20.0
31172,Charlie Brown,Electronics,100.25,12,7.373626373626373,4.0,High,Q3,133.41666666666666,50.0,180.25,May,1203.0,2,200.5
73416,Charlie Brown,Sports,142.93479355488418,8,7.402777777777778,3.0,Mideum,Q4,97.72826451829474,100.25,42.434793554884195,December,1143.4783484390734,4,142.57834768567002
87475,Diana Prince,Sports,500.75,2,7.402777777777778,1.0,Low,Q5,247.97826451829474,142.93479355488418,458.17165231433,August,1001.5,3,350.3345739312393
44531,Charlie Brown,Home & Kitchen,500.75,12,7.509708737864078,1.0,High,Q5,381.47826451829474,500.75,250.4154260687607,March,6009.0,1,100.0
58543,Bob Jones,Beauty,50.0,13,7.186868686868687,5.0,High,Q2,350.5,500.75,50.0,April,650.0,2,9.98502246630055
14853,Evan Wright,Electronics,50.0,5,7.373626373626373,5.0,Low,Q2,200.25,50.0,140.01497753369944,June,250.0,2,100.0
90435,Charlie Brown,Beauty,500.75,5,7.186868686868687,1.0,Low,Q5,200.25,50.0,500.75,August,2503.75,3,1001.5
41585,Alice Smith,Home & Kitchen,50.0,6,7.509708737864078,5.0,Mideum,Q2,200.25,500.75,-851.5,September,300.0,3,9.98502246630055
83609,Alice Smith,Home & Kitchen,100.25,7,7.509708737864078,4.0,Mideum,Q3,217.0,50.0,190.26497753369944,July,701.75,3,200.5
84319,Bob Jones,Sports,500.75,4,7.402777777777778,1.0,Low,Q5,217.0,100.25,400.25,November,2003.0,4,499.501246882793
71120,Bob Jones,Sports,100.25,4,7.402777777777778,4.0,Low,Q3,233.75,500.75,-299.251246882793,July,401.0,3,20.0199700449326
65176,Alice Smith,Clothing,100.25,2,7.6767676767676765,4.0,Low,Q3,233.75,100.25,180.23002995506738,December,200.5,4,100.0
51874,Evan Wright,Sports,-999.0,12,7.402777777777778,7.0,High,Q1,-266.1666666666667,100.25,-999.0,December,-11988.0,4,-996.5087281795512
61195,Alice Smith,Sports,250.0,13,7.402777777777778,2.0,High,Q4,-216.25,-999.0,1346.508728179551,July,3250.0,3,-25.025025025025027
57517,Diana Prince,Beauty,100.25,12,7.186868686868687,4.0,High,Q3,-216.25,250.0,225.275025025025,January,1203.0,1,40.1
34826,Alice Smith,Home & Kitchen,100.25,6,7.509708737864078,4.0,Mideum,Q3,150.16666666666666,100.25,160.15,April,601.5,2,100.0
49443,Evan Wright,Home & Kitchen,100.25,7,7.509708737864078,4.0,Mideum,Q3,100.25,100.25,100.25,January,701.75,1,100.0
22182,Charlie Brown,Sports,250.0,1,7.402777777777778,2.0,Low,Q4,150.16666666666666,100.25,250.0,September,250.0,3,249.37655860349128
49711,Charlie Brown,Clothing,10.5,6,7.6767676767676765,6.0,Mideum,Q1,120.25,250.0,-138.87655860349128,November,63.0,4,4.2
65168,Diana Prince,Clothing,10.5,9,7.6767676767676765,6.0,Mideum,Q1,90.33333333333333,10.5,106.3,August,94.5,3,100.0
46455,Charlie Brown,Sports,100.25,10,7.402777777777778,4.0,Mideum,Q3,40.416666666666664,10.5,100.25,January,1002.5,1,954.7619047619047
52460,Alice Smith,Sports,100.25,13,7.402777777777778,4.0,High,Q3,70.33333333333333,100.25,-754.5119047619047,March,1303.25,1,100.0
42196,Bob Jones,Electronics,10.5,11,7.373626373626373,6.0,High,Q1,70.33333333333333,100.25,10.5,March,115.5,1,10.473815461346634
96123,Diana Prince,Beauty,250.0,7,7.186868686868687,2.0,Mideum,Q4,120.25,10.5,339.52618453865335,June,1750.0,2,2380.952380952381
54623,Evan Wright,Clothing,142.93479355488418,10,7.6767676767676765,3.0,Mideum,Q4,134.47826451829474,250.0,-2138.017587397497,February,1429.3479355488419,1,57.17391742195367
12356,Alice Smith,Electronics,100.25,9,7.373626373626373,4.0,Mideum,Q3,164.3949311849614,142.93479355488418,143.07608257804634,January,902.25,1,70.13687675807637
42413,Charlie Brown,Home & Kitchen,250.0,7,7.509708737864078,2.0,Mideum,Q4,164.3949311849614,100.25,279.86312324192363,January,1750.0,1,249.37655860349128
43742,Alice Smith,Home & Kitchen,250.0,11,7.509708737864078,2.0,High,Q4,200.08333333333334,250.0,100.62344139650872,May,2750.0,2,100.0
36614,Evan Wright,Beauty,100.25,5,7.186868686868687,4.0,Low,Q3,200.08333333333334,250.0,100.25,September,501.25,3,40.1
51832,Evan Wright,Electronics,50.0,6,7.373626373626373,5.0,Mideum,Q2,133.41666666666666,100.25,109.9,May,300.0,2,49.87531172069826
26241,Evan Wright,Beauty,50.0,8,7.186868686868687,5.0,Mideum,Q2,66.75,50.0,100.12468827930175,January,400.0,1,100.0
35150,Bob Jones,Sports,250.0,5,7.402777777777778,2.0,Low,Q4,116.66666666666667,50.0,250.0,June,1250.0,2,500.0
77444,Bob Jones,Clothing,100.25,4,7.6767676767676765,4.0,Low,Q3,133.41666666666666,250.0,-299.75,April,401.0,2,40.1
86898,Bob Jones,Electronics,10.5,4,7.373626373626373,6.0,Low,Q1,120.25,100.25,70.4,October,42.0,4,10.473815461346634
24060,Evan Wright,Home & Kitchen,10.5,8,7.509708737864078,6.0,Mideum,Q1,40.416666666666664,10.5,100.02618453865337,April,84.0,2,100.0
37788,Bob Jones,Sports,50.0,1,7.402777777777778,5.0,Low,Q2,23.666666666666668,10.5,50.0,August,50.0,3,476.1904761904762
86260,Diana Prince,Clothing,10.5,2,7.6767676767676765,6.0,Low,Q1,23.666666666666668,50.0,-365.6904761904762,July,21.0,3,21.0
39757,Charlie Brown,Sports,50.0,2,7.402777777777778,5.0,Low,Q2,36.833333333333336,10.5,129.0,May,100.0,2,476.1904761904762
98801,Diana Prince,Electronics,10.5,3,7.373626373626373,6.0,Low,Q1,23.666666666666668,50.0,-365.6904761904762,May,31.5,2,21.0
93559,Diana Prince,Beauty,50.0,4,7.186868686868687,5.0,Low,Q2,36.833333333333336,10.5,129.0,April,200.0,2,476.1904761904762
91941,Diana Prince,Beauty,100.25,6,7.186868686868687,4.0,Mideum,Q3,53.583333333333336,50.0,-275.9404761904762,October,601.5,4,200.5
59786,Charlie Brown,Home & Kitchen,250.0,6,7.509708737864078,2.0,Mideum,Q4,133.41666666666666,100.25,149.5,October,1500.0,4,249.37655860349128
55350,Charlie Brown,Clothing,50.0,3,7.6767676767676765,5.0,Low,Q2,133.41666666666666,250.0,-99.37655860349128,March,150.0,1,20.0
95708,Evan Wright,Home & Kitchen,250.0,9,7.509708737864078,2.0,Mideum,Q4,183.33333333333334,50.0,330.0,December,2250.0,4,500.0
19078,Charlie Brown,Clothing,142.93479355488418,7,7.6767676767676765,3.0,Mideum,Q4,147.6449311849614,250.0,-257.0652064451158,December,1000.5435548841892,4,57.17391742195367
90559,Evan Wright,Beauty,500.75,4,7.186868686868687,1.0,Low,Q5,297.8949311849614,142.93479355488418,543.5760825780463,October,2003.0,4,350.3345739312393
41987,Charlie Brown,Electronics,100.25,6,7.373626373626373,4.0,Mideum,Q3,247.97826451829474,500.75,-150.0845739312393,December,601.5,4,20.0199700449326
11341,Evan Wright,Sports,10.5,5,7.402777777777778,6.0,Low,Q1,203.83333333333334,100.25,90.4800299550674,December,52.5,4,10.473815461346634
47219,Alice Smith,Beauty,10.5,11,7.186868686868687,6.0,High,Q1,40.416666666666664,10.5,100.02618453865337,July,115.5,3,100.0
46062,Charlie Brown,Clothing,50.0,8,7.6767676767676765,5.0,Mideum,Q2,23.666666666666668,10.5,50.0,February,400.0,1,476.1904761904762
23224,Charlie Brown,Electronics,50.0,12,7.373626373626373,5.0,High,Q2,36.833333333333336,50.0,-326.1904761904762,June,600.0,2,100.0
31427,Charlie Brown,Sports,50.0,14,7.402777777777778,5.0,High,Q2,50.0,50.0,50.0,June,700.0,2,100.0
81260,Diana Prince,Beauty,500.75,6,7.186868686868687,1.0,Mideum,Q5,200.25,50.0,500.75,August,3004.5,3,1001.5
91061,Charlie Brown,Beauty,500.75,7,7.186868686868687,1.0,Mideum,Q5,350.5,500.75,-400.75,February,3505.25,1,100.0
84859,Charlie Brown,Clothing,100.25,5,7.6767676767676765,4.0,Low,Q3,367.25,500.75,100.25,October,501.25,4,20.0199700449326
76435,Alice Smith,Clothing,50.0,7,7.6767676767676765,5.0,Mideum,Q2,217.0,100.25,129.98002995506738,June,350.0,2,49.87531172069826
21954,Diana Prince,Home & Kitchen,10.5,5,7.509708737864078,6.0,Low,Q1,53.583333333333336,50.0,60.62468827930174,July,52.5,3,21.0
51235,Evan Wright,Clothing,250.0,11,7.6767676767676765,2.0,High,Q4,103.5,10.5,329.0,May,2750.0,2,2380.952380952381
46220,Alice Smith,Beauty,100.25,7,7.186868686868687,4.0,Mideum,Q3,120.25,250.0,-2180.702380952381,May,701.75,2,40.1
16150,Evan Wright,Home & Kitchen,50.0,12,7.509708737864078,5.0,High,Q2,133.41666666666666,100.25,109.9,October,600.0,4,49.87531172069826
22676,Charlie Brown,Electronics,500.75,7,7.373626373626373,1.0,Mideum,Q5,217.0,50.0,550.8746882793017,September,3505.25,3,1001.5
50998,Alice Smith,Sports,100.25,7,7.402777777777778,4.0,Mideum,Q3,217.0,500.75,-801.25,March,701.75,1,20.0199700449326
23760,Diana Prince,Sports,100.25,2,7.402777777777778,4.0,Low,Q3,233.75,100.25,180.23002995506738,October,200.5,4,100.0
85993,Charlie Brown,Beauty,-999.0,4,7.186868686868687,7.0,Low,Q1,-266.1666666666667,100.25,-999.0,November,-3996.0,4,-996.5087281795512
89671,Charlie Brown,Beauty,100.25,13,7.186868686868687,4.0,High,Q3,-266.1666666666667,-999.0,1196.758728179551,July,1303.25,3,-10.035035035035035
85629,Alice Smith,Clothing,50.0,12,7.6767676767676765,5.0,High,Q2,-282.9166666666667,100.25,160.03503503503504,November,600.0,4,49.87531172069826
70461,Evan Wright,Electronics,100.25,8,7.373626373626373,4.0,Mideum,Q3,83.5,50.0,150.37468827930175,February,802.0,1,200.5
66133,Alice Smith,Electronics,50.0,1,7.373626373626373,5.0,Low,Q2,66.75,100.25,-50.499999999999986,October,50.0,4,49.87531172069826
12717,Bob Jones,Sports,100.25,1,7.402777777777778,4.0,Low,Q3,83.5,50.0,150.37468827930175,December,100.25,4,200.5
85713,Diana Prince,Beauty,10.5,7,7.186868686868687,6.0,Mideum,Q1,53.583333333333336,100.25,-89.99999999999999,December,73.5,4,10.473815461346634
10956,Alice Smith,Clothing,500.75,10,7.6767676767676765,1.0,Mideum,Q5,203.83333333333334,10.5,590.2761845386534,October,5007.5,4,4769.047619047619
85916,Charlie Brown,Sports,50.0,10,7.402777777777778,5.0,Mideum,Q2,187.08333333333334,500.75,-4619.047619047619,February,500.0,1,9.98502246630055
34442,Evan Wright,Sports,50.0,13,7.402777777777778,5.0,High,Q2,200.25,50.0,140.01497753369944,January,650.0,1,100.0
82258,Bob Jones,Sports,10.5,4,7.402777777777778,6.0,Low,Q1,36.833333333333336,50.0,10.5,May,42.0,2,21.0
63625,Bob Jones,Electronics,500.75,4,7.373626373626373,1.0,Low,Q5,187.08333333333334,10.5,579.75,April,2003.0,2,4769.047619047619
60460,Alice Smith,Home & Kitchen,500.75,4,7.509708737864078,1.0,Low,Q5,337.3333333333333,500.75,-4168.297619047619,July,2003.0,3,100.0
67492,Bob Jones,Home & Kitchen,250.0,1,7.509708737864078,2.0,Low,Q4,417.1666666666667,500.75,250.0,April,250.0,2,49.925112331502746
28639,Diana Prince,Sports,142.93479355488418,4,7.402777777777778,3.0,Low,Q4,297.8949311849614,250.0,193.00968122338145,August,571.7391742195367,3,57.17391742195367
86077,Bob Jones,Sports,50.0,8,7.402777777777778,5.0,Mideum,Q2,147.6449311849614,142.93479355488418,92.82608257804634,August,400.0,3,34.98098591425256
43062,Charlie Brown,Beauty,50.0,6,7.186868686868687,5.0,Mideum,Q2,80.97826451829472,50.0,115.01901408574744,March,300.0,1,100.0
62853,Bob Jones,Beauty,500.75,5,7.186868686868687,1.0,Low,Q5,200.25,50.0,500.75,December,2503.75,4,1001.5
92197,Charlie Brown,Sports,500.75,4,7.402777777777778,1.0,Low,Q5,350.5,500.75,-400.75,May,2003.0,2,100.0
67932,Alice Smith,Clothing,500.75,13,7.6767676767676765,1.0,High,Q5,500.75,500.75,500.75,June,6509.75,2,100.0
55272,Evan Wright,Clothing,10.5,11,7.6767676767676765,6.0,High,Q1,337.3333333333333,500.75,10.5,January,115.5,1,2.0968547179231156
84532,Evan Wright,Clothing,500.75,7,7.6767676767676765,1.0,Mideum,Q5,337.3333333333333,10.5,598.6531452820769,August,3505.25,3,4769.047619047619
75310,Diana Prince,Home & Kitchen,500.75,8,7.509708737864078,1.0,Mideum,Q5,337.3333333333333,500.75,-4168.297619047619,November,4006.0,4,100.0
77298,Alice Smith,Beauty,250.0,7,7.186868686868687,2.0,Mideum,Q4,417.1666666666667,500.75,250.0,December,1750.0,4,49.925112331502746
92050,Bob Jones,Beauty,50.0,11,7.186868686868687,5.0,High,Q2,266.9166666666667,250.0,100.07488766849727,May,550.0,2,20.0
58364,Bob Jones,Home & Kitchen,10.5,10,7.509708737864078,6.0,Mideum,Q1,103.5,50.0,90.5,January,105.0,1,21.0
66819,Evan Wright,Electronics,10.5,9,7.373626373626373,6.0,Mideum,Q1,23.666666666666668,10.5,89.5,May,94.5,2,100.0
29250,Diana Prince,Clothing,50.0,14,7.6767676767676765,5.0,High,Q2,23.666666666666668,10.5,50.0,February,700.0,1,476.1904761904762
75082,Alice Smith,Electronics,100.25,6,7.373626373626373,4.0,Mideum,Q3,53.583333333333336,50.0,-275.9404761904762,June,601.5,2,200.5
10077,Diana Prince,Electronics,50.0,3,7.373626373626373,5.0,Low,Q2,66.75,100.25,-50.499999999999986,January,150.0,1,49.87531172069826
11980,Charlie Brown,Sports,10.5,8,7.402777777777778,6.0,Mideum,Q1,53.583333333333336,50.0,60.62468827930174,January,84.0,1,21.0
85717,Charlie Brown,Home & Kitchen,10.5,12,7.509708737864078,6.0,High,Q1,23.666666666666668,10.5,89.5,September,126.0,3,100.0
52078,Evan Wright,Electronics,10.5,5,7.373626373626373,6.0,Low,Q1,10.5,10.5,10.5,March,52.5,1,100.0
86619,Diana Prince,Sports,250.0,13,7.402777777777778,2.0,High,Q4,90.33333333333333,10.5,250.0,October,3250.0,4,2380.952380952381
13797,Evan Wright,Beauty,250.0,14,7.186868686868687,2.0,High,Q4,170.16666666666666,250.0,-2030.9523809523812,October,3500.0,4,100.0
60072,Diana Prince,Electronics,50.0,2,7.373626373626373,5.0,Low,Q2,183.33333333333334,250.0,50.0,May,100.0,2,20.0
78760,Charlie Brown,Home & Kitchen,250.0,10,7.509708737864078,2.0,Mideum,Q4,183.33333333333334,50.0,330.0,March,2500.0,1,500.0
71396,Alice Smith,Beauty,500.75,1,7.186868686868687,1.0,Low,Q5,266.9166666666667,250.0,100.75,October,500.75,4,200.3
72552,Alice Smith,Electronics,100.25,14,7.373626373626373,4.0,High,Q3,283.6666666666667,500.75,-0.05000000000001137,February,1403.5,1,20.0199700449326
26371,Alice Smith,Clothing,250.0,3,7.6767676767676765,2.0,Low,Q4,283.6666666666667,100.25,329.9800299550674,September,750.0,3,249.37655860349128
81626,Diana Prince,Clothing,100.25,6,7.6767676767676765,4.0,Mideum,Q3,150.16666666666666,250.0,-49.126558603491276,December,601.5,4,40.1
89148,Alice Smith,Sports,100.25,1,7.402777777777778,4.0,Low,Q3,150.16666666666666,100.25,160.15,April,100.25,2,100.0
81652,Bob Jones,Beauty,250.0,14,7.186868686868687,2.0,High,Q4,150.16666666666666,100.25,250.0,October,3500.0,4,249.37655860349128
44636,Diana Prince,Electronics,500.75,14,7.373626373626373,1.0,High,Q5,283.6666666666667,250.0,351.3734413965087,February,7010.5,1,200.3
66446,Diana Prince,Clothing,50.0,14,7.6767676767676765,5.0,High,Q2,266.9166666666667,500.75,-50.30000000000001,December,700.0,4,9.98502246630055
10060,Diana Prince,Beauty,100.25,14,7.186868686868687,4.0,High,Q3,217.0,50.0,190.26497753369944,May,1403.5,2,200.5
61226,Charlie Brown,Beauty,50.0,8,7.186868686868687,5.0,Mideum,Q2,66.75,100.25,-50.499999999999986,February,400.0,1,49.87531172069826
38404,Bob Jones,Home & Kitchen,250.0,6,7.509708737864078,2.0,Mideum,Q4,133.41666666666666,50.0,300.1246882793017,January,1500.0,1,500.0
58756,Diana Prince,Electronics,50.0,7,7.373626373626373,5.0,Mideum,Q2,116.66666666666667,250.0,-350.0,April,350.0,2,20.0
10126,Alice Smith,Clothing,100.25,2,7.6767676767676765,4.0,Low,Q3,133.41666666666666,50.0,180.25,July,200.5,3,200.5
45046,Diana Prince,Home & Kitchen,50.0,9,7.509708737864078,5.0,Mideum,Q2,66.75,100.25,-50.499999999999986,October,450.0,4,49.87531172069826
97833,Alice Smith,Electronics,250.0,5,7.373626373626373,2.0,Low,Q4,133.41666666666666,50.0,300.1246882793017,January,1250.0,1,500.0
31520,Bob Jones,Beauty,50.0,10,7.186868686868687,5.0,Mideum,Q2,116.66666666666667,250.0,-350.0,October,500.0,4,20.0
66979,Bob Jones,Sports,10.5,5,7.402777777777778,6.0,Low,Q1,103.5,50.0,90.5,September,52.5,3,21.0
81520,Bob Jones,Clothing,500.75,7,7.6767676767676765,1.0,Mideum,Q5,187.08333333333334,10.5,579.75,May,3505.25,2,4769.047619047619
55186,Diana Prince,Beauty,250.0,3,7.186868686868687,2.0,Low,Q4,253.75,500.75,-4419.047619047619,February,750.0,1,49.925112331502746
81324,Diana Prince,Electronics,-999.0,7,7.373626373626373,7.0,Mideum,Q1,-82.75,250.0,-948.9251123315028,July,-6993.0,3,-399.6
27850,Bob Jones,Electronics,100.25,4,7.373626373626373,4.0,Low,Q3,-216.25,-999.0,599.85,October,401.0,4,-10.035035035035035
99106,Alice Smith,Beauty,10.5,11,7.186868686868687,6.0,High,Q1,-296.0833333333333,100.25,120.53503503503505,September,115.5,3,10.473815461346634
35849,Charlie Brown,Electronics,250.0,9,7.373626373626373,2.0,Mideum,Q4,120.25,10.5,339.52618453865335,January,2250.0,1,2380.952380952381
39241,Bob Jones,Home & Kitchen,250.0,6,7.509708737864078,2.0,Mideum,Q4,170.16666666666666,250.0,-2030.9523809523812,April,1500.0,2,100.0
80835,Evan Wright,Sports,142.93479355488418,11,7.402777777777778,3.0,High,Q4,214.31159785162808,250.0,142.93479355488418,November,1572.282729103726,4,57.17391742195367
11058,Evan Wright,Beauty,100.25,11,7.186868686868687,4.0,High,Q3,164.3949311849614,142.93479355488418,143.07608257804634,April,1102.75,2,70.13687675807637
78916,Charlie Brown,Clothing,250.0,1,7.6767676767676765,2.0,Low,Q4,164.3949311849614,100.25,279.86312324192363,May,250.0,2,249.37655860349128
88411,Bob Jones,Beauty,50.0,9,7.186868686868687,5.0,Mideum,Q2,133.41666666666666,250.0,-99.37655860349128,November,450.0,4,20.0
44008,Diana Prince,Clothing,50.0,2,7.6767676767676765,5.0,Low,Q2,116.66666666666667,50.0,130.0,June,100.0,2,100.0
34058,Evan Wright,Sports,10.5,7,7.402777777777778,6.0,Mideum,Q1,36.833333333333336,50.0,10.5,November,73.5,4,21.0
15655,Charlie Brown,Clothing,250.0,4,7.6767676767676765,2.0,Low,Q4,103.5,10.5,329.0,November,1000.0,4,2380.952380952381
34951,Evan Wright,Clothing,250.0,1,7.6767676767676765,2.0,Low,Q4,170.16666666666666,250.0,-2030.9523809523812,November,250.0,4,100.0
95595,Diana Prince,Home & Kitchen,100.25,7,7.509708737864078,4.0,Mideum,Q3,200.08333333333334,250.0,100.25,May,701.75,2,40.1
81907,Charlie Brown,Clothing,500.75,2,7.6767676767676765,1.0,Low,Q5,283.6666666666667,100.25,560.65,December,1001.5,4,499.501246882793
41890,Charlie Brown,Beauty,100.25,3,7.186868686868687,4.0,Low,Q3,233.75,500.75,-299.251246882793,February,300.75,1,20.0199700449326
17314,Evan Wright,Beauty,100.25,4,7.186868686868687,4.0,Low,Q3,233.75,100.25,180.23002995506738,June,401.0,2,100.0
18666,Bob Jones,Beauty,50.0,7,7.186868686868687,5.0,Mideum,Q2,83.5,100.25,50.0,November,350.0,4,49.87531172069826
43142,Bob Jones,Sports,100.25,2,7.402777777777778,4.0,Low,Q3,83.5,50.0,150.37468827930175,September,200.5,3,200.5
31804,Bob Jones,Home & Kitchen,250.0,9,7.509708737864078,2.0,Mideum,Q4,133.41666666666666,100.25,149.5,February,2250.0,1,249.37655860349128
34070,Evan Wright,Sports,50.0,6,7.402777777777778,5.0,Mideum,Q2,133.41666666666666,250.0,-99.37655860349128,January,300.0,1,20.0
63173,Diana Prince,Clothing,250.0,10,7.6767676767676765,2.0,Mideum,Q4,183.33333333333334,50.0,330.0,November,2500.0,4,500.0
59688,Bob Jones,Electronics,142.93479355488418,10,7.373626373626373,3.0,Mideum,Q4,147.6449311849614,250.0,-257.0652064451158,November,1429.3479355488419,4,57.17391742195367
71665,Charlie Brown,Home & Kitchen,10.5,13,7.509708737864078,6.0,High,Q1,134.47826451829474,142.93479355488418,53.32608257804633,February,136.5,1,7.346007041993036
44560,Alice Smith,Electronics,50.0,3,7.373626373626373,5.0,Low,Q2,67.81159785162806,10.5,142.65399295800694,May,150.0,2,476.1904761904762
18711,Evan Wright,Electronics,-999.0,4,7.373626373626373,7.0,Low,Q1,-312.8333333333333,50.0,-1375.1904761904761,January,-3996.0,1,-1998.0
62375,Diana Prince,Electronics,10.5,9,7.373626373626373,6.0,Mideum,Q1,-312.8333333333333,-999.0,2108.5,September,94.5,3,-1.0510510510510511
62098,Alice Smith,Electronics,10.5,12,7.373626373626373,6.0,High,Q1,-326.0,10.5,111.55105105105106,March,126.0,1,100.0
56542,Bob Jones,Clothing,50.0,4,7.6767676767676765,5.0,Low,Q2,23.666666666666668,10.5,50.0,March,200.0,1,476.1904761904762
33398,Bob Jones,Sports,250.0,7,7.402777777777778,2.0,Mideum,Q4,103.5,50.0,-126.1904761904762,March,1750.0,1,500.0
54064,Evan Wright,Sports,10.5,2,7.402777777777778,6.0,Low,Q1,103.5,250.0,-389.5,January,21.0,1,4.2
79669,Charlie Brown,Beauty,50.0,11,7.186868686868687,5.0,High,Q2,103.5,10.5,145.8,May,550.0,2,476.1904761904762
44157,Evan Wright,Electronics,10.5,7,7.373626373626373,6.0,Mideum,Q1,23.666666666666668,50.0,-365.6904761904762,March,73.5,1,21.0
63331,Diana Prince,Clothing,500.75,6,7.6767676767676765,1.0,Mideum,Q5,187.08333333333334,10.5,579.75,August,3004.5,3,4769.047619047619
74288,Diana Prince,Beauty,100.25,6,7.186868686868687,4.0,Mideum,Q3,203.83333333333334,500.75,-4568.797619047619,October,601.5,4,20.0199700449326
10619,Alice Smith,Beauty,500.75,10,7.186868686868687,1.0,Mideum,Q5,367.25,100.25,580.7300299550674,January,5007.5,1,499.501246882793
74077,Bob Jones,Beauty,100.25,4,7.186868686868687,4.0,Low,Q3,233.75,500.75,-299.251246882793,January,401.0,1,20.0199700449326
32042,Charlie Brown,Beauty,100.25,5,7.186868686868687,4.0,Low,Q3,233.75,100.25,180.23002995506738,May,501.25,2,100.0
62233,Alice Smith,Electronics,500.75,5,7.373626373626373,1.0,Low,Q5,233.75,100.25,500.75,September,2503.75,3,499.501246882793
47567,Alice Smith,Electronics,500.75,10,7.373626373626373,1.0,Mideum,Q5,367.25,500.75,101.248753117207,March,5007.5,1,100.0
94291,Alice Smith,Clothing,50.0,12,7.6767676767676765,5.0,High,Q2,350.5,500.75,50.0,May,600.0,2,9.98502246630055
82101,Alice Smith,Electronics,500.75,14,7.373626373626373,1.0,High,Q5,350.5,50.0,590.7649775336995,August,7010.5,3,1001.5
69201,Charlie Brown,Home & Kitchen,10.5,2,7.509708737864078,6.0,Low,Q1,187.08333333333334,500.75,-891.0,September,21.0,3,2.0968547179231156
82595,Alice Smith,Home & Kitchen,250.0,14,7.509708737864078,2.0,High,Q4,253.75,10.5,347.9031452820769,July,3500.0,3,2380.952380952381
73483,Alice Smith,Sports,250.0,13,7.402777777777778,2.0,High,Q4,170.16666666666666,250.0,-2030.9523809523812,July,3250.0,3,100.0
27482,Evan Wright,Sports,500.75,4,7.402777777777778,1.0,Low,Q5,333.5833333333333,250.0,500.75,October,2003.0,4,200.3
30609,Evan Wright,Clothing,10.5,10,7.6767676767676765,6.0,Mideum,Q1,253.75,500.75,-89.80000000000001,June,105.0,2,2.0968547179231156
13389,Evan Wright,Sports,100.25,5,7.402777777777778,4.0,Low,Q3,203.83333333333334,10.5,198.15314528207688,September,501.25,3,954.7619047619047
62648,Charlie Brown,Beauty,10.5,3,7.186868686868687,6.0,Low,Q1,40.416666666666664,100.25,-844.2619047619047,July,31.5,3,10.473815461346634
80855,Alice Smith,Clothing,-999.0,12,7.6767676767676765,7.0,High,Q1,-296.0833333333333,10.5,-909.4738154613466,October,-11988.0,4,-9514.285714285714
12573,Diana Prince,Home & Kitchen,100.25,7,7.509708737864078,4.0,Mideum,Q3,-296.0833333333333,-999.0,9714.535714285714,May,701.75,2,-10.035035035035035
16783,Evan Wright,Sports,50.0,12,7.402777777777778,5.0,High,Q2,-282.9166666666667,100.25,160.03503503503504,October,600.0,4,49.87531172069826
99431,Alice Smith,Electronics,50.0,6,7.373626373626373,5.0,Mideum,Q2,66.75,50.0,100.12468827930175,February,300.0,1,100.0
11524,Evan Wright,Clothing,10.5,5,7.6767676767676765,6.0,Low,Q1,36.833333333333336,50.0,10.5,November,52.5,4,21.0
75128,Evan Wright,Home & Kitchen,500.75,10,7.509708737864078,1.0,Mideum,Q5,187.08333333333334,10.5,579.75,September,5007.5,3,4769.047619047619
39426,Charlie Brown,Home & Kitchen,100.25,13,7.509708737864078,4.0,High,Q3,203.83333333333334,500.75,-4568.797619047619,May,1303.25,2,20.0199700449326
85932,Bob Jones,Home & Kitchen,500.75,2,7.509708737864078,1.0,Low,Q5,367.25,100.25,580.7300299550674,March,1001.5,1,499.501246882793
71916,Diana Prince,Sports,100.25,9,7.402777777777778,4.0,Mideum,Q3,233.75,500.75,-299.251246882793,January,902.25,1,20.0199700449326
55028,Alice Smith,Clothing,500.75,4,7.6767676767676765,1.0,Low,Q5,367.25,100.25,580.7300299550674,January,2003.0,1,499.501246882793
36958,Bob Jones,Sports,100.25,7,7.402777777777778,4.0,Mideum,Q3,233.75,500.75,-299.251246882793,February,701.75,1,20.0199700449326
72483,Charlie Brown,Home & Kitchen,100.25,3,7.509708737864078,4.0,Low,Q3,233.75,100.25,180.23002995506738,October,300.75,4,100.0
84038,Bob Jones,Home & Kitchen,100.25,6,7.509708737864078,4.0,Mideum,Q3,100.25,100.25,100.25,March,601.5,1,100.0
76672,Charlie Brown,Clothing,10.5,1,7.6767676767676765,6.0,Low,Q1,70.33333333333333,100.25,10.5,March,10.5,1,10.473815461346634
82355,Alice Smith,Electronics,10.5,9,7.373626373626373,6.0,Mideum,Q1,40.416666666666664,10.5,100.02618453865337,June,94.5,2,100.0
39759,Bob Jones,Electronics,142.93479355488418,13,7.373626373626373,3.0,High,Q4,54.64493118496139,10.5,142.93479355488418,June,1858.1523162134943,2,1361.2837481417541
33150,Diana Prince,Clothing,500.75,12,7.6767676767676765,1.0,High,Q5,218.06159785162808,142.93479355488418,-760.5337481417541,May,6009.0,2,350.3345739312393
40707,Alice Smith,Sports,500.75,1,7.402777777777778,1.0,Low,Q5,381.47826451829474,500.75,250.4154260687607,December,500.75,4,100.0
12336,Charlie Brown,Sports,50.0,2,7.402777777777778,5.0,Low,Q2,350.5,500.75,50.0,June,100.0,2,9.98502246630055
52229,Charlie Brown,Beauty,250.0,1,7.186868686868687,2.0,Low,Q4,266.9166666666667,50.0,340.01497753369944,June,250.0,2,500.0
71367,Charlie Brown,Sports,100.25,13,7.402777777777778,4.0,High,Q3,133.41666666666666,250.0,-299.75,August,1303.25,3,40.1
79274,Bob Jones,Clothing,100.25,8,7.6767676767676765,4.0,Mideum,Q3,150.16666666666666,100.25,160.15,January,802.0,1,100.0
49915,Charlie Brown,Home & Kitchen,100.25,7,7.509708737864078,4.0,Mideum,Q3,100.25,100.25,100.25,May,701.75,2,100.0
36292,Evan Wright,Clothing,500.75,9,7.6767676767676765,1.0,Mideum,Q5,233.75,100.25,500.75,July,4506.75,3,499.501246882793
95514,Diana Prince,Electronics,10.5,2,7.373626373626373,6.0,Low,Q1,203.83333333333334,500.75,-389.001246882793,December,21.0,4,2.0968547179231156
28787,Charlie Brown,Clothing,100.25,7,7.6767676767676765,4.0,Mideum,Q3,203.83333333333334,10.5,198.15314528207688,March,701.75,1,954.7619047619047
55241,Alice Smith,Beauty,100.25,11,7.186868686868687,4.0,High,Q3,70.33333333333333,100.25,-754.5119047619047,May,1102.75,2,100.0
86589,Alice Smith,Beauty,500.75,13,7.186868686868687,1.0,High,Q5,233.75,100.25,500.75,February,6509.75,1,499.501246882793
80135,Charlie Brown,Sports,10.5,1,7.402777777777778,6.0,Low,Q1,203.83333333333334,500.75,-389.001246882793,November,10.5,4,2.0968547179231156
43719,Charlie Brown,Beauty,100.25,5,7.186868686868687,4.0,Low,Q3,203.83333333333334,10.5,198.15314528207688,November,501.25,4,954.7619047619047
72768,Bob Jones,Home & Kitchen,100.25,14,7.509708737864078,4.0,High,Q3,70.33333333333333,100.25,-754.5119047619047,January,1403.5,1,100.0
62269,Bob Jones,Home & Kitchen,250.0,10,7.509708737864078,2.0,Mideum,Q4,150.16666666666666,100.25,250.0,March,2500.0,1,249.37655860349128
62393,Alice Smith,Beauty,50.0,9,7.186868686868687,5.0,Mideum,Q2,133.41666666666666,250.0,-99.37655860349128,February,450.0,1,20.0
36172,Alice Smith,Home & Kitchen,500.75,5,7.509708737864078,1.0,Low,Q5,266.9166666666667,50.0,580.75,January,2503.75,1,1001.5
39711,Diana Prince,Electronics,50.0,1,7.373626373626373,5.0,Low,Q2,200.25,500.75,-851.5,February,50.0,1,9.98502246630055
74929,Alice Smith,Home & Kitchen,50.0,9,7.509708737864078,5.0,Mideum,Q2,200.25,50.0,140.01497753369944,December,450.0,4,100.0
82099,Bob Jones,Clothing,-999.0,3,7.6767676767676765,7.0,Low,Q1,-299.6666666666667,50.0,-999.0,May,-2997.0,2,-1998.0
29426,Charlie Brown,Sports,100.25,11,7.402777777777778,4.0,High,Q3,-282.9166666666667,-999.0,2198.25,May,1102.75,2,-10.035035035035035
40561,Evan Wright,Electronics,500.75,14,7.373626373626373,1.0,High,Q5,-132.66666666666666,100.25,610.7850350350351,May,7010.5,2,499.501246882793
10814,Evan Wright,Clothing,500.75,13,7.6767676767676765,1.0,High,Q5,367.25,500.75,101.248753117207,May,6509.75,2,100.0
49214,Evan Wright,Electronics,500.75,3,7.373626373626373,1.0,Low,Q5,500.75,500.75,500.75,June,1502.25,2,100.0
60677,Charlie Brown,Sports,10.5,7,7.402777777777778,6.0,Mideum,Q1,337.3333333333333,500.75,10.5,June,73.5,2,2.0968547179231156
84691,Charlie Brown,Sports,10.5,10,7.402777777777778,6.0,Mideum,Q1,173.91666666666666,10.5,108.40314528207689,July,105.0,3,100.0
16638,Alice Smith,Home & Kitchen,250.0,7,7.509708737864078,2.0,Mideum,Q4,90.33333333333333,10.5,250.0,June,1750.0,2,2380.952380952381
74178,Bob Jones,Sports,100.25,10,7.402777777777778,4.0,Mideum,Q3,120.25,250.0,-2180.702380952381,November,1002.5,4,40.1
39486,Evan Wright,Home & Kitchen,500.75,6,7.509708737864078,1.0,Mideum,Q5,283.6666666666667,100.25,560.65,October,3004.5,4,499.501246882793
23507,Diana Prince,Electronics,250.0,7,7.373626373626373,2.0,Mideum,Q4,283.6666666666667,500.75,-149.501246882793,February,1750.0,1,49.925112331502746
58285,Evan Wright,Beauty,10.5,2,7.186868686868687,6.0,Low,Q1,253.75,250.0,60.57488766849726,September,21.0,3,4.2
66638,Alice Smith,Sports,100.25,11,7.402777777777778,4.0,High,Q3,120.25,10.5,196.05,September,1102.75,3,954.7619047619047
66373,Charlie Brown,Home & Kitchen,50.0,14,7.509708737864078,5.0,High,Q2,53.583333333333336,100.25,-804.7619047619047,October,700.0,4,49.87531172069826
28381,Charlie Brown,Sports,500.75,12,7.402777777777778,1.0,High,Q5,217.0,50.0,550.8746882793017,November,6009.0,4,1001.5
33710,Charlie Brown,Home & Kitchen,10.5,13,7.509708737864078,6.0,High,Q1,187.08333333333334,500.75,-891.0,December,136.5,4,2.0968547179231156
84131,Evan Wright,Clothing,10.5,5,7.6767676767676765,6.0,Low,Q1,173.91666666666666,10.5,108.40314528207689,December,52.5,4,100.0
69129,Diana Prince,Beauty,10.5,12,7.186868686868687,6.0,High,Q1,10.5,10.5,10.5,November,126.0,4,100.0
50600,Diana Prince,Beauty,10.5,2,7.186868686868687,6.0,Low,Q1,10.5,10.5,10.5,September,21.0,3,100.0
64302,Diana Prince,Clothing,50.0,4,7.6767676767676765,5.0,Low,Q2,23.666666666666668,10.5,50.0,May,200.0,2,476.1904761904762
69207,Charlie Brown,Electronics,10.5,8,7.373626373626373,6.0,Mideum,Q1,23.666666666666668,50.0,-365.6904761904762,April,84.0,2,21.0
37306,Bob Jones,Home & Kitchen,500.75,3,7.509708737864078,1.0,Low,Q5,187.08333333333334,10.5,579.75,February,1502.25,1,4769.047619047619
96988,Bob Jones,Clothing,250.0,11,7.6767676767676765,2.0,High,Q4,253.75,500.75,-4419.047619047619,May,2750.0,2,49.925112331502746
72823,Bob Jones,Electronics,500.75,11,7.373626373626373,1.0,High,Q5,417.1666666666667,250.0,550.8248876684972,November,5508.25,4,200.3
65230,Bob Jones,Electronics,100.25,13,7.373626373626373,4.0,High,Q3,283.6666666666667,500.75,-0.05000000000001137,March,1303.25,1,20.0199700449326
51949,Evan Wright,Sports,100.25,5,7.402777777777778,4.0,Low,Q3,233.75,100.25,180.23002995506738,November,501.25,4,100.0
36289,Charlie Brown,Home & Kitchen,100.25,8,7.509708737864078,4.0,Mideum,Q3,100.25,100.25,100.25,March,802.0,1,100.0
70504,Charlie Brown,Home & Kitchen,100.25,1,7.509708737864078,4.0,Low,Q3,100.25,100.25,100.25,September,100.25,3,100.0
15109,Bob Jones,Clothing,-999.0,5,7.6767676767676765,7.0,Low,Q1,-266.1666666666667,100.25,-999.0,December,-4995.0,4,-996.5087281795512
28297,Charlie Brown,Clothing,500.75,8,7.6767676767676765,1.0,Mideum,Q5,-132.66666666666666,-999.0,1597.258728179551,July,4006.0,3,-50.12512512512512
21046,Bob Jones,Home & Kitchen,250.0,7,7.509708737864078,2.0,Mideum,Q4,-82.75,500.75,400.1251251251251,February,1750.0,1,49.925112331502746
62603,Charlie Brown,Home & Kitchen,10.5,8,7.509708737864078,6.0,Mideum,Q1,253.75,250.0,60.57488766849726,December,84.0,4,4.2
25563,Charlie Brown,Electronics,10.5,10,7.373626373626373,6.0,Mideum,Q1,90.33333333333333,10.5,106.3,April,105.0,2,100.0
66985,Evan Wright,Clothing,500.75,2,7.6767676767676765,1.0,Low,Q5,173.91666666666666,10.5,500.75,May,1001.5,2,4769.047619047619
70315,Diana Prince,Home & Kitchen,50.0,8,7.509708737864078,5.0,Mideum,Q2,187.08333333333334,500.75,-4619.047619047619,December,400.0,4,9.98502246630055
91470,Alice Smith,Beauty,50.0,6,7.186868686868687,5.0,Mideum,Q2,200.25,50.0,140.01497753369944,July,300.0,3,100.0
70279,Bob Jones,Beauty,100.25,12,7.186868686868687,4.0,High,Q3,66.75,50.0,100.25,May,1203.0,2,200.5
95431,Evan Wright,Beauty,250.0,4,7.186868686868687,2.0,Low,Q4,133.41666666666666,100.25,149.5,December,1000.0,4,249.37655860349128
37952,Bob Jones,Beauty,10.5,7,7.186868686868687,6.0,Mideum,Q1,120.25,250.0,-138.87655860349128,April,73.5,2,4.2
59840,Bob Jones,Clothing,142.93479355488418,4,7.6767676767676765,3.0,Low,Q4,134.47826451829474,10.5,238.73479355488416,December,571.7391742195367,4,1361.2837481417541
61184,Charlie Brown,Sports,100.25,3,7.402777777777778,4.0,Low,Q3,84.56159785162806,142.93479355488418,-1161.0337481417541,December,300.75,4,70.13687675807637
33279,Alice Smith,Sports,100.25,6,7.402777777777778,4.0,Mideum,Q3,114.47826451829474,100.25,130.11312324192363,May,601.5,2,100.0
95230,Alice Smith,Home & Kitchen,250.0,10,7.509708737864078,2.0,Mideum,Q4,150.16666666666666,100.25,250.0,July,2500.0,3,249.37655860349128
51873,Alice Smith,Electronics,500.75,2,7.373626373626373,1.0,Low,Q5,283.6666666666667,250.0,351.3734413965087,February,1001.5,1,200.3
65029,Diana Prince,Sports,100.25,8,7.402777777777778,4.0,Mideum,Q3,283.6666666666667,500.75,-0.05000000000001137,December,802.0,4,20.0199700449326
87129,Diana Prince,Electronics,50.0,4,7.373626373626373,5.0,Low,Q2,217.0,100.25,129.98002995506738,February,200.0,1,49.87531172069826
15776,Diana Prince,Beauty,500.75,11,7.186868686868687,1.0,High,Q5,217.0,50.0,550.8746882793017,April,5508.25,2,1001.5
57057,Alice Smith,Home & Kitchen,250.0,10,7.509708737864078,2.0,Mideum,Q4,266.9166666666667,500.75,-651.5,December,2500.0,4,49.925112331502746
14018,Evan Wright,Clothing,10.5,11,7.6767676767676765,6.0,High,Q1,253.75,250.0,60.57488766849726,August,115.5,3,4.2
26309,Alice Smith,Sports,10.5,10,7.402777777777778,6.0,Mideum,Q1,90.33333333333333,10.5,106.3,January,105.0,1,100.0
47412,Bob Jones,Clothing,100.25,13,7.6767676767676765,4.0,High,Q3,40.416666666666664,10.5,100.25,October,1303.25,4,954.7619047619047
43039,Alice Smith,Beauty,250.0,7,7.186868686868687,2.0,Mideum,Q4,120.25,100.25,-604.7619047619047,August,1750.0,3,249.37655860349128
93310,Charlie Brown,Clothing,250.0,10,7.6767676767676765,2.0,Mideum,Q4,200.08333333333334,250.0,100.62344139650872,March,2500.0,1,100.0
18820,Evan Wright,Clothing,10.5,8,7.6767676767676765,6.0,Mideum,Q1,170.16666666666666,250.0,10.5,September,84.0,3,4.2
91905,Alice Smith,Clothing,100.25,11,7.6767676767676765,4.0,High,Q3,120.25,10.5,196.05,February,1102.75,1,954.7619047619047
67134,Charlie Brown,Home & Kitchen,100.25,13,7.509708737864078,4.0,High,Q3,70.33333333333333,100.25,-754.5119047619047,April,1303.25,2,100.0
78344,Diana Prince,Sports,50.0,4,7.402777777777778,5.0,Low,Q2,83.5,100.25,50.0,May,200.0,2,49.87531172069826
23718,Diana Prince,Sports,100.25,13,7.402777777777778,4.0,High,Q3,83.5,50.0,150.37468827930175,August,1303.25,3,200.5
27674,Charlie Brown,Sports,250.0,8,7.402777777777778,2.0,Mideum,Q4,133.41666666666666,100.25,149.5,December,2000.0,4,249.37655860349128
29063,Evan Wright,Electronics,100.25,12,7.373626373626373,4.0,High,Q3,150.16666666666666,250.0,-49.126558603491276,August,1203.0,3,40.1
97955,Alice Smith,Home & Kitchen,500.75,5,7.509708737864078,1.0,Low,Q5,283.6666666666667,100.25,560.65,December,2503.75,4,499.501246882793
91244,Diana Prince,Beauty,250.0,14,7.186868686868687,2.0,High,Q4,283.6666666666667,500.75,-149.501246882793,September,3500.0,3,49.925112331502746
93624,Evan Wright,Beauty,250.0,11,7.186868686868687,2.0,High,Q4,333.5833333333333,250.0,300.07488766849724,June,2750.0,2,100.0
20816,Evan Wright,Clothing,50.0,7,7.6767676767676765,5.0,Mideum,Q2,183.33333333333334,250.0,50.0,May,350.0,2,20.0
34160,Alice Smith,Electronics,500.75,1,7.373626373626373,1.0,Low,Q5,266.9166666666667,50.0,580.75,July,500.75,3,1001.5
37345,Charlie Brown,Electronics,250.0,5,7.373626373626373,2.0,Low,Q4,266.9166666666667,500.75,-651.5,March,1250.0,1,49.925112331502746
72046,Diana Prince,Clothing,500.75,8,7.6767676767676765,1.0,Mideum,Q5,417.1666666666667,250.0,550.8248876684972,February,4006.0,1,200.3
43660,Charlie Brown,Electronics,10.5,7,7.373626373626373,6.0,Mideum,Q1,253.75,500.75,-89.80000000000001,January,73.5,1,2.0968547179231156
37376,Diana Prince,Clothing,100.25,6,7.6767676767676765,4.0,Mideum,Q3,203.83333333333334,10.5,198.15314528207688,October,601.5,4,954.7619047619047
33236,Diana Prince,Sports,50.0,13,7.402777777777778,5.0,High,Q2,53.583333333333336,100.25,-804.7619047619047,October,650.0,4,49.87531172069826
26082,Alice Smith,Beauty,100.25,5,7.186868686868687,4.0,Low,Q3,83.5,50.0,150.37468827930175,November,501.25,4,200.5
29029,Charlie Brown,Electronics,100.25,5,7.373626373626373,4.0,Low,Q3,83.5,100.25,-0.2499999999999858,September,501.25,3,100.0
88623,Charlie Brown,Clothing,500.75,6,7.6767676767676765,1.0,Mideum,Q5,233.75,100.25,500.75,February,3004.5,1,499.501246882793
87258,Alice Smith,Clothing,50.0,3,7.6767676767676765,5.0,Low,Q2,217.0,500.75,-349.501246882793,May,150.0,2,9.98502246630055
62487,Charlie Brown,Electronics,10.5,12,7.373626373626373,6.0,High,Q1,187.08333333333334,50.0,100.51497753369945,January,126.0,1,21.0
85304,Bob Jones,Sports,250.0,7,7.402777777777778,2.0,Mideum,Q4,103.5,10.5,329.0,November,1750.0,4,2380.952380952381
90896,Diana Prince,Electronics,250.0,8,7.373626373626373,2.0,Mideum,Q4,170.16666666666666,250.0,-2030.9523809523812,August,2000.0,3,100.0
20616,Evan Wright,Beauty,10.5,13,7.186868686868687,6.0,High,Q1,170.16666666666666,250.0,10.5,November,136.5,4,4.2
63276,Alice Smith,Sports,-999.0,6,7.402777777777778,7.0,Mideum,Q1,-246.16666666666666,10.5,-903.2,June,-5994.0,2,-9514.285714285714
82847,Diana Prince,Beauty,10.5,7,7.186868686868687,6.0,Mideum,Q1,-326.0,-999.0,9624.785714285714,July,73.5,3,-1.0510510510510511
55539,Bob Jones,Beauty,500.75,3,7.186868686868687,1.0,Low,Q5,-162.58333333333334,10.5,601.8010510510511,November,1502.25,4,4769.047619047619
12079,Diana Prince,Clothing,500.75,13,7.6767676767676765,1.0,High,Q5,337.3333333333333,500.75,-4168.297619047619,April,6509.75,2,100.0
66503,Bob Jones,Sports,10.5,5,7.402777777777778,6.0,Low,Q1,337.3333333333333,500.75,10.5,January,52.5,1,2.0968547179231156
31754,Bob Jones,Sports,500.75,7,7.402777777777778,1.0,Mideum,Q5,337.3333333333333,10.5,598.6531452820769,February,3505.25,1,4769.047619047619
53408,Alice Smith,Clothing,500.75,5,7.6767676767676765,1.0,Low,Q5,337.3333333333333,500.75,-4168.297619047619,December,2503.75,4,100.0
90879,Charlie Brown,Home & Kitchen,10.5,6,7.509708737864078,6.0,Mideum,Q1,337.3333333333333,500.75,10.5,February,63.0,1,2.0968547179231156
96475,Bob Jones,Beauty,500.75,12,7.186868686868687,1.0,High,Q5,337.3333333333333,10.5,598.6531452820769,December,6009.0,4,4769.047619047619
22342,Alice Smith,Home & Kitchen,50.0,5,7.509708737864078,5.0,Low,Q2,187.08333333333334,500.75,-4619.047619047619,February,250.0,1,9.98502246630055
15951,Charlie Brown,Home & Kitchen,250.0,6,7.509708737864078,2.0,Mideum,Q4,266.9166666666667,50.0,340.01497753369944,October,1500.0,4,500.0
21561,Diana Prince,Beauty,250.0,2,7.186868686868687,2.0,Low,Q4,183.33333333333334,250.0,-150.0,August,500.0,3,100.0
85520,Diana Prince,Home & Kitchen,50.0,10,7.509708737864078,5.0,Mideum,Q2,183.33333333333334,250.0,50.0,August,500.0,3,20.0
37420,Bob Jones,Clothing,10.5,13,7.6767676767676765,6.0,High,Q1,103.5,50.0,90.5,December,136.5,4,21.0
58874,Charlie Brown,Clothing,10.5,14,7.6767676767676765,6.0,High,Q1,23.666666666666668,10.5,89.5,May,147.0,2,100.0
33874,Diana Prince,Clothing,500.75,13,7.6767676767676765,1.0,High,Q5,173.91666666666666,10.5,500.75,March,6509.75,1,4769.047619047619
30491,Charlie Brown,Beauty,10.5,7,7.186868686868687,6.0,Mideum,Q1,173.91666666666666,500.75,-4658.547619047619,December,73.5,4,2.0968547179231156
48559,Diana Prince,Clothing,100.25,10,7.6767676767676765,4.0,Mideum,Q3,203.83333333333334,10.5,198.15314528207688,March,1002.5,1,954.7619047619047
76081,Charlie Brown,Electronics,250.0,13,7.373626373626373,2.0,High,Q4,120.25,100.25,-604.7619047619047,April,3250.0,2,249.37655860349128
92310,Bob Jones,Clothing,50.0,14,7.6767676767676765,5.0,High,Q2,133.41666666666666,250.0,-99.37655860349128,December,700.0,4,20.0
86707,Diana Prince,Clothing,10.5,14,7.6767676767676765,6.0,High,Q1,103.5,50.0,90.5,December,147.0,4,21.0
61047,Evan Wright,Home & Kitchen,500.75,6,7.509708737864078,1.0,Mideum,Q5,187.08333333333334,10.5,579.75,June,3004.5,2,4769.047619047619
41966,Bob Jones,Clothing,10.5,9,7.6767676767676765,6.0,Mideum,Q1,173.91666666666666,500.75,-4658.547619047619,October,94.5,4,2.0968547179231156
58290,Alice Smith,Electronics,100.25,6,7.373626373626373,4.0,Mideum,Q3,203.83333333333334,10.5,198.15314528207688,March,601.5,1,954.7619047619047
80316,Diana Prince,Electronics,500.75,2,7.373626373626373,1.0,Low,Q5,203.83333333333334,100.25,-354.0119047619047,February,1001.5,1,499.501246882793
35611,Alice Smith,Sports,10.5,14,7.402777777777778,6.0,High,Q1,203.83333333333334,500.75,-389.001246882793,May,147.0,2,2.0968547179231156
13972,Charlie Brown,Beauty,50.0,12,7.186868686868687,5.0,High,Q2,187.08333333333334,10.5,147.90314528207688,April,600.0,2,476.1904761904762
77506,Charlie Brown,Home & Kitchen,50.0,14,7.509708737864078,5.0,High,Q2,36.833333333333336,50.0,-326.1904761904762,July,700.0,3,100.0
88757,Evan Wright,Beauty,10.5,7,7.186868686868687,6.0,Mideum,Q1,36.833333333333336,50.0,10.5,October,73.5,4,21.0
24596,Bob Jones,Home & Kitchen,50.0,14,7.509708737864078,5.0,High,Q2,36.833333333333336,10.5,129.0,August,700.0,3,476.1904761904762
50738,Charlie Brown,Beauty,250.0,2,7.186868686868687,2.0,Low,Q4,103.5,50.0,-126.1904761904762,February,500.0,1,500.0
10661,Charlie Brown,Clothing,100.25,7,7.6767676767676765,4.0,Mideum,Q3,133.41666666666666,250.0,-299.75,December,701.75,4,40.1
13020,Charlie Brown,Beauty,100.25,11,7.186868686868687,4.0,High,Q3,150.16666666666666,100.25,160.15,February,1102.75,1,100.0
95553,Alice Smith,Clothing,500.75,3,7.6767676767676765,1.0,Low,Q5,233.75,100.25,500.75,April,1502.25,2,499.501246882793
83506,Bob Jones,Home & Kitchen,250.0,8,7.509708737864078,2.0,Mideum,Q4,283.6666666666667,500.75,-149.501246882793,April,2000.0,2,49.925112331502746
49224,Evan Wright,Beauty,50.0,6,7.186868686868687,5.0,Mideum,Q2,266.9166666666667,250.0,100.07488766849727,June,300.0,2,20.0
38831,Alice Smith,Sports,10.5,1,7.402777777777778,6.0,Low,Q1,103.5,50.0,90.5,August,10.5,3,21.0
30022,Bob Jones,Clothing,50.0,2,7.6767676767676765,5.0,Low,Q2,36.833333333333336,10.5,129.0,December,100.0,4,476.1904761904762
48827,Evan Wright,Clothing,10.5,13,7.6767676767676765,6.0,High,Q1,23.666666666666668,50.0,-365.6904761904762,July,136.5,3,21.0
91958,Charlie Brown,Beauty,100.25,7,7.186868686868687,4.0,Mideum,Q3,53.583333333333336,10.5,179.25,May,701.75,2,954.7619047619047
93122,Evan Wright,Sports,10.5,10,7.402777777777778,6.0,Mideum,Q1,40.416666666666664,100.25,-844.2619047619047,January,105.0,1,10.473815461346634
74435,Diana Prince,Sports,100.25,14,7.402777777777778,4.0,High,Q3,70.33333333333333,10.5,189.77618453865335,December,1403.5,4,954.7619047619047
46258,Diana Prince,Sports,100.25,6,7.402777777777778,4.0,Mideum,Q3,70.33333333333333,100.25,-754.5119047619047,April,601.5,2,100.0
63394,Evan Wright,Home & Kitchen,500.75,4,7.509708737864078,1.0,Low,Q5,233.75,100.25,500.75,September,2003.0,3,499.501246882793
78244,Diana Prince,Sports,50.0,12,7.402777777777778,5.0,High,Q2,217.0,500.75,-349.501246882793,April,600.0,2,9.98502246630055
86908,Charlie Brown,Electronics,500.75,6,7.373626373626373,1.0,Mideum,Q5,350.5,50.0,590.7649775336995,June,3004.5,2,1001.5
11279,Diana Prince,Sports,10.5,2,7.402777777777778,6.0,Low,Q1,187.08333333333334,500.75,-891.0,July,21.0,3,2.0968547179231156
37083,Alice Smith,Sports,250.0,6,7.402777777777778,2.0,Mideum,Q4,253.75,10.5,347.9031452820769,May,1500.0,2,2380.952380952381
49974,Diana Prince,Sports,10.5,5,7.402777777777778,6.0,Low,Q1,90.33333333333333,250.0,-2270.452380952381,July,52.5,3,4.2
58302,Bob Jones,Electronics,10.5,5,7.373626373626373,6.0,Low,Q1,90.33333333333333,10.5,106.3,September,52.5,3,100.0
48565,Diana Prince,Home & Kitchen,100.25,5,7.509708737864078,4.0,Low,Q3,40.416666666666664,10.5,100.25,October,501.25,4,954.7619047619047
36630,Evan Wright,Sports,500.75,2,7.402777777777778,1.0,Low,Q5,203.83333333333334,100.25,-354.0119047619047,August,1001.5,3,499.501246882793
50809,Bob Jones,Home & Kitchen,500.75,7,7.509708737864078,1.0,Mideum,Q5,367.25,500.75,101.248753117207,January,3505.25,1,100.0
94878,Alice Smith,Electronics,100.25,11,7.373626373626373,4.0,High,Q3,367.25,500.75,100.25,August,1102.75,3,20.0199700449326
83698,Charlie Brown,Home & Kitchen,10.5,1,7.509708737864078,6.0,Low,Q1,203.83333333333334,100.25,90.4800299550674,January,10.5,1,10.473815461346634
86367,Charlie Brown,Sports,10.5,12,7.402777777777778,6.0,High,Q1,40.416666666666664,10.5,100.02618453865337,December,126.0,4,100.0
92870,Diana Prince,Electronics,500.75,2,7.373626373626373,1.0,Low,Q5,173.91666666666666,10.5,500.75,July,1001.5,3,4769.047619047619
18946,Charlie Brown,Sports,50.0,11,7.402777777777778,5.0,High,Q2,187.08333333333334,500.75,-4619.047619047619,June,550.0,2,9.98502246630055
32116,Diana Prince,Electronics,100.25,3,7.373626373626373,4.0,Low,Q3,217.0,50.0,190.26497753369944,January,300.75,1,200.5
36029,Bob Jones,Beauty,50.0,3,7.186868686868687,5.0,Low,Q2,66.75,100.25,-50.499999999999986,December,150.0,4,49.87531172069826
61693,Diana Prince,Home & Kitchen,100.25,14,7.509708737864078,4.0,High,Q3,83.5,50.0,150.37468827930175,December,1403.5,4,200.5
54965,Bob Jones,Beauty,250.0,3,7.186868686868687,2.0,Low,Q4,133.41666666666666,100.25,149.5,July,750.0,3,249.37655860349128
14494,Bob Jones,Clothing,10.5,8,7.6767676767676765,6.0,Mideum,Q1,120.25,250.0,-138.87655860349128,February,84.0,1,4.2
96925,Alice Smith,Beauty,50.0,3,7.186868686868687,5.0,Low,Q2,103.5,10.5,145.8,May,150.0,2,476.1904761904762
27327,Alice Smith,Clothing,10.5,3,7.6767676767676765,6.0,Low,Q1,23.666666666666668,50.0,-365.6904761904762,July,31.5,3,21.0
70545,Evan Wright,Clothing,10.5,8,7.6767676767676765,6.0,Mideum,Q1,23.666666666666668,10.5,89.5,June,84.0,2,100.0
81895,Bob Jones,Electronics,100.25,14,7.373626373626373,4.0,High,Q3,40.416666666666664,10.5,100.25,December,1403.5,4,954.7619047619047
60069,Bob Jones,Sports,100.25,9,7.402777777777778,4.0,Mideum,Q3,70.33333333333333,100.25,-754.5119047619047,March,902.25,1,100.0
25398,Evan Wright,Electronics,50.0,1,7.373626373626373,5.0,Low,Q2,83.5,100.25,50.0,June,50.0,2,49.87531172069826
66846,Bob Jones,Home & Kitchen,10.5,4,7.509708737864078,6.0,Low,Q1,53.583333333333336,50.0,60.62468827930174,August,42.0,3,21.0
35683,Charlie Brown,Home & Kitchen,10.5,1,7.509708737864078,6.0,Low,Q1,23.666666666666668,10.5,89.5,February,10.5,1,100.0
21745,Diana Prince,Electronics,10.5,3,7.373626373626373,6.0,Low,Q1,10.5,10.5,10.5,November,31.5,4,100.0
32015,Charlie Brown,Clothing,100.25,13,7.6767676767676765,4.0,High,Q3,40.416666666666664,10.5,100.25,April,1303.25,2,954.7619047619047
74324,Evan Wright,Sports,250.0,1,7.402777777777778,2.0,Low,Q4,120.25,100.25,-604.7619047619047,August,250.0,3,249.37655860349128
35003,Diana Prince,Beauty,250.0,11,7.186868686868687,2.0,High,Q4,200.08333333333334,250.0,100.62344139650872,April,2750.0,2,100.0
52534,Alice Smith,Beauty,142.93479355488418,6,7.186868686868687,3.0,Mideum,Q4,214.31159785162808,250.0,142.93479355488418,February,857.608761329305,1,57.17391742195367
96444,Charlie Brown,Clothing,10.5,8,7.6767676767676765,6.0,Mideum,Q1,134.47826451829474,142.93479355488418,53.32608257804633,May,84.0,2,7.346007041993036
99899,Diana Prince,Electronics,500.75,5,7.373626373626373,1.0,Low,Q5,218.06159785162808,10.5,593.4039929580069,January,2503.75,1,4769.047619047619
98652,Bob Jones,Sports,500.75,2,7.402777777777778,1.0,Low,Q5,337.3333333333333,500.75,-4168.297619047619,November,1001.5,4,100.0
12396,Diana Prince,Home & Kitchen,500.75,13,7.509708737864078,1.0,High,Q5,500.75,500.75,500.75,August,6509.75,3,100.0
77889,Alice Smith,Electronics,100.25,6,7.373626373626373,4.0,Mideum,Q3,367.25,500.75,100.25,October,601.5,4,20.0199700449326
87454,Bob Jones,Clothing,100.25,5,7.6767676767676765,4.0,Low,Q3,233.75,100.25,180.23002995506738,December,501.25,4,100.0
71268,Bob Jones,Beauty,500.75,14,7.186868686868687,1.0,High,Q5,233.75,100.25,500.75,May,7010.5,2,499.501246882793
23350,Alice Smith,Sports,100.25,4,7.402777777777778,4.0,Low,Q3,233.75,500.75,-299.251246882793,September,401.0,3,20.0199700449326
95469,Alice Smith,Beauty,250.0,12,7.186868686868687,2.0,High,Q4,283.6666666666667,100.25,329.9800299550674,December,3000.0,4,249.37655860349128
61571,Alice Smith,Home & Kitchen,100.25,14,7.509708737864078,4.0,High,Q3,150.16666666666666,250.0,-49.126558603491276,April,1403.5,2,40.1
29097,Evan Wright,Beauty,250.0,2,7.186868686868687,2.0,Low,Q4,200.08333333333334,100.25,309.9,August,500.0,3,249.37655860349128
31566,Diana Prince,Clothing,142.93479355488418,1,7.6767676767676765,3.0,Low,Q4,164.3949311849614,250.0,-6.441765048607095,February,142.93479355488418,1,57.17391742195367
43536,Alice Smith,Sports,500.75,13,7.402777777777778,1.0,High,Q5,297.8949311849614,142.93479355488418,543.5760825780463,January,6509.75,1,350.3345739312393
54738,Evan Wright,Beauty,100.25,9,7.186868686868687,4.0,Mideum,Q3,247.97826451829474,500.75,-150.0845739312393,May,902.25,2,20.0199700449326
55893,Bob Jones,Home & Kitchen,10.5,4,7.509708737864078,6.0,Low,Q1,203.83333333333334,100.25,90.4800299550674,November,42.0,4,10.473815461346634
92189,Evan Wright,Clothing,10.5,2,7.6767676767676765,6.0,Low,Q1,40.416666666666664,10.5,100.02618453865337,March,21.0,1,100.0
77364,Charlie Brown,Sports,10.5,11,7.402777777777778,6.0,High,Q1,10.5,10.5,10.5,January,115.5,1,100.0
45737,Bob Jones,Beauty,10.5,1,7.186868686868687,6.0,Low,Q1,10.5,10.5,10.5,October,10.5,4,100.0
47599,Alice Smith,Electronics,100.25,4,7.373626373626373,4.0,Low,Q3,40.416666666666664,10.5,100.25,February,401.0,1,954.7619047619047
25048,Bob Jones,Clothing,100.25,13,7.6767676767676765,4.0,High,Q3,70.33333333333333,100.25,-754.5119047619047,September,1303.25,3,100.0
30953,Bob Jones,Clothing,10.5,6,7.6767676767676765,6.0,Mideum,Q1,70.33333333333333,100.25,10.5,November,63.0,4,10.473815461346634
77957,Diana Prince,Clothing,250.0,8,7.6767676767676765,2.0,Mideum,Q4,120.25,10.5,339.52618453865335,July,2000.0,3,2380.952380952381
29096,Diana Prince,Sports,250.0,2,7.402777777777778,2.0,Low,Q4,170.16666666666666,250.0,-2030.9523809523812,January,500.0,1,100.0
59481,Charlie Brown,Clothing,250.0,10,7.6767676767676765,2.0,Mideum,Q4,250.0,250.0,250.0,April,2500.0,2,100.0
60975,Charlie Brown,Beauty,250.0,7,7.186868686868687,2.0,Mideum,Q4,250.0,250.0,250.0,November,1750.0,4,100.0
75441,Charlie Brown,Home & Kitchen,10.5,7,7.509708737864078,6.0,Mideum,Q1,170.16666666666666,250.0,10.5,April,73.5,2,4.2
12198,Charlie Brown,Sports,50.0,2,7.402777777777778,5.0,Low,Q2,103.5,10.5,145.8,February,100.0,1,476.1904761904762
92495,Evan Wright,Beauty,10.5,1,7.186868686868687,6.0,Low,Q1,23.666666666666668,50.0,-365.6904761904762,August,10.5,3,21.0
20326,Evan Wright,Home & Kitchen,10.5,2,7.509708737864078,6.0,Low,Q1,23.666666666666668,10.5,89.5,September,21.0,3,100.0
49030,Alice Smith,Clothing,500.75,7,7.6767676767676765,1.0,Mideum,Q5,173.91666666666666,10.5,500.75,June,3505.25,2,4769.047619047619
60948,Bob Jones,Sports,10.5,12,7.402777777777778,6.0,High,Q1,173.91666666666666,500.75,-4658.547619047619,July,126.0,3,2.0968547179231156
10526,Evan Wright,Beauty,100.25,11,7.186868686868687,4.0,High,Q3,203.83333333333334,10.5,198.15314528207688,March,1102.75,1,954.7619047619047
78878,Bob Jones,Clothing,250.0,13,7.6767676767676765,2.0,High,Q4,120.25,100.25,-604.7619047619047,December,3250.0,4,249.37655860349128
22588,Bob Jones,Beauty,50.0,10,7.186868686868687,5.0,Mideum,Q2,133.41666666666666,250.0,-99.37655860349128,May,500.0,2,20.0
37935,Evan Wright,Home & Kitchen,10.5,14,7.509708737864078,6.0,High,Q1,103.5,50.0,90.5,September,147.0,3,21.0
35931,Bob Jones,Home & Kitchen,250.0,13,7.509708737864078,2.0,High,Q4,103.5,10.5,329.0,January,3250.0,1,2380.952380952381
71212,Alice Smith,Beauty,100.25,8,7.186868686868687,4.0,Mideum,Q3,120.25,250.0,-2180.702380952381,October,802.0,4,40.1
98861,Diana Prince,Home & Kitchen,100.25,7,7.509708737864078,4.0,Mideum,Q3,150.16666666666666,100.25,160.15,July,701.75,3,100.0
66264,Evan Wright,Beauty,100.25,2,7.186868686868687,4.0,Low,Q3,100.25,100.25,100.25,February,200.5,1,100.0
85046,Evan Wright,Sports,100.25,5,7.402777777777778,4.0,Low,Q3,100.25,100.25,100.25,November,501.25,4,100.0
11622,Alice Smith,Clothing,100.25,4,7.6767676767676765,4.0,Low,Q3,100.25,100.25,100.25,April,401.0,2,100.0
39257,Diana Prince,Sports,100.25,7,7.402777777777778,4.0,Mideum,Q3,100.25,100.25,100.25,December,701.75,4,100.0
97388,Bob Jones,Beauty,10.5,13,7.186868686868687,6.0,High,Q1,70.33333333333333,100.25,10.5,November,136.5,4,10.473815461346634
34762,Alice Smith,Home & Kitchen,10.5,2,7.509708737864078,6.0,Low,Q1,40.416666666666664,10.5,100.02618453865337,April,21.0,2,100.0
21555,Evan Wright,Beauty,100.25,14,7.186868686868687,4.0,High,Q3,40.416666666666664,10.5,100.25,January,1403.5,1,954.7619047619047
74754,Diana Prince,Beauty,10.5,1,7.186868686868687,6.0,Low,Q1,40.416666666666664,100.25,-844.2619047619047,May,10.5,2,10.473815461346634
56163,Alice Smith,Clothing,250.0,12,7.6767676767676765,2.0,High,Q4,120.25,10.5,339.52618453865335,September,3000.0,3,2380.952380952381
93309,Evan Wright,Sports,100.25,13,7.402777777777778,4.0,High,Q3,120.25,250.0,-2180.702380952381,September,1303.25,3,40.1
25251,Charlie Brown,Sports,10.5,11,7.402777777777778,6.0,High,Q1,120.25,100.25,70.4,May,115.5,2,10.473815461346634
81635,Evan Wright,Beauty,50.0,6,7.186868686868687,5.0,Mideum,Q2,53.583333333333336,10.5,139.52618453865335,December,300.0,4,476.1904761904762
19110,Alice Smith,Sports,250.0,8,7.402777777777778,2.0,Mideum,Q4,103.5,50.0,-126.1904761904762,November,2000.0,4,500.0
84478,Charlie Brown,Sports,50.0,10,7.402777777777778,5.0,Mideum,Q2,116.66666666666667,250.0,-350.0,April,500.0,2,20.0
38380,Evan Wright,Clothing,50.0,13,7.6767676767676765,5.0,High,Q2,116.66666666666667,50.0,130.0,December,650.0,4,100.0
95382,Diana Prince,Home & Kitchen,250.0,2,7.509708737864078,2.0,Low,Q4,116.66666666666667,50.0,250.0,February,500.0,1,500.0
97263,Evan Wright,Beauty,50.0,4,7.186868686868687,5.0,Low,Q2,116.66666666666667,250.0,-350.0,June,200.0,2,20.0
36723,Alice Smith,Sports,10.5,7,7.402777777777778,6.0,Mideum,Q1,103.5,50.0,90.5,April,73.5,2,21.0
54413,Alice Smith,Beauty,250.0,9,7.186868686868687,2.0,Mideum,Q4,103.5,10.5,329.0,December,2250.0,4,2380.952380952381
73888,Evan Wright,Beauty,100.25,7,7.186868686868687,4.0,Mideum,Q3,120.25,250.0,-2180.702380952381,July,701.75,3,40.1
84666,Bob Jones,Sports,10.5,14,7.402777777777778,6.0,High,Q1,120.25,100.25,70.4,January,147.0,1,10.473815461346634
88617,Charlie Brown,Home & Kitchen,500.75,3,7.509708737864078,1.0,Low,Q5,203.83333333333334,10.5,590.2761845386534,August,1502.25,3,4769.047619047619
18567,Evan Wright,Electronics,10.5,8,7.373626373626373,6.0,Mideum,Q1,173.91666666666666,500.75,-4658.547619047619,August,84.0,3,2.0968547179231156
54569,Diana Prince,Clothing,500.75,10,7.6767676767676765,1.0,Mideum,Q5,337.3333333333333,10.5,598.6531452820769,January,5007.5,1,4769.047619047619
97312,Diana Prince,Sports,500.75,12,7.402777777777778,1.0,High,Q5,337.3333333333333,500.75,-4168.297619047619,September,6009.0,3,100.0
28309,Evan Wright,Sports,250.0,12,7.402777777777778,2.0,High,Q4,417.1666666666667,500.75,250.0,December,3000.0,4,49.925112331502746
41575,Alice Smith,Electronics,50.0,12,7.373626373626373,5.0,High,Q2,266.9166666666667,250.0,100.07488766849727,October,600.0,4,20.0
80507,Bob Jones,Beauty,100.25,5,7.186868686868687,4.0,Low,Q3,133.41666666666666,50.0,180.25,September,501.25,3,200.5
71246,Evan Wright,Electronics,250.0,14,7.373626373626373,2.0,High,Q4,133.41666666666666,100.25,149.5,May,3500.0,2,249.37655860349128
24382,Charlie Brown,Electronics,50.0,14,7.373626373626373,5.0,High,Q2,133.41666666666666,250.0,-99.37655860349128,January,700.0,1,20.0
29541,Charlie Brown,Beauty,500.75,9,7.186868686868687,1.0,Mideum,Q5,266.9166666666667,50.0,580.75,July,4506.75,3,1001.5
99599,Evan Wright,Sports,250.0,2,7.402777777777778,2.0,Low,Q4,266.9166666666667,500.75,-651.5,January,500.0,1,49.925112331502746
90097,Diana Prince,Home & Kitchen,10.5,4,7.509708737864078,6.0,Low,Q1,253.75,250.0,60.57488766849726,December,42.0,4,4.2
23859,Diana Prince,Sports,10.5,2,7.402777777777778,6.0,Low,Q1,90.33333333333333,10.5,106.3,September,21.0,3,100.0
65180,Alice Smith,Sports,10.5,2,7.402777777777778,6.0,Low,Q1,10.5,10.5,10.5,September,21.0,3,100.0
33411,Diana Prince,Sports,250.0,10,7.402777777777778,2.0,Mideum,Q4,90.33333333333333,10.5,250.0,December,2500.0,4,2380.952380952381
92503,Alice Smith,Sports,500.75,7,7.402777777777778,1.0,Mideum,Q5,253.75,250.0,-1780.2023809523812,July,3505.25,3,200.3
18577,Diana Prince,Sports,10.5,8,7.402777777777778,6.0,Mideum,Q1,253.75,500.75,-89.80000000000001,March,84.0,1,2.0968547179231156
99393,Charlie Brown,Clothing,50.0,8,7.6767676767676765,5.0,Mideum,Q2,187.08333333333334,10.5,147.90314528207688,September,400.0,3,476.1904761904762
47573,Alice Smith,Sports,10.5,9,7.402777777777778,6.0,Mideum,Q1,23.666666666666668,50.0,-365.6904761904762,August,94.5,3,21.0
71788,Alice Smith,Beauty,50.0,2,7.186868686868687,5.0,Low,Q2,36.833333333333336,10.5,129.0,March,100.0,1,476.1904761904762
42154,Bob Jones,Electronics,10.5,5,7.373626373626373,6.0,Low,Q1,23.666666666666668,50.0,-365.6904761904762,December,52.5,4,21.0
89530,Alice Smith,Home & Kitchen,100.25,4,7.509708737864078,4.0,Low,Q3,53.583333333333336,10.5,179.25,February,401.0,1,954.7619047619047
31563,Alice Smith,Sports,250.0,14,7.402777777777778,2.0,High,Q4,120.25,100.25,-604.7619047619047,April,3500.0,2,249.37655860349128
46159,Bob Jones,Clothing,500.75,6,7.6767676767676765,1.0,Mideum,Q5,283.6666666666667,250.0,351.3734413965087,October,3004.5,4,200.3
46444,Evan Wright,Sports,50.0,6,7.402777777777778,5.0,Mideum,Q2,266.9166666666667,500.75,-50.30000000000001,December,300.0,4,9.98502246630055
62326,Charlie Brown,Beauty,250.0,12,7.186868686868687,2.0,High,Q4,266.9166666666667,50.0,340.01497753369944,June,3000.0,2,500.0
22115,Evan Wright,Clothing,100.25,6,7.6767676767676765,4.0,Mideum,Q3,133.41666666666666,250.0,-299.75,September,601.5,3,40.1
65337,Bob Jones,Home & Kitchen,250.0,4,7.509708737864078,2.0,Low,Q4,200.08333333333334,100.25,309.9,January,1000.0,1,249.37655860349128
64615,Alice Smith,Sports,100.25,7,7.402777777777778,4.0,Mideum,Q3,150.16666666666666,250.0,-49.126558603491276,March,701.75,1,40.1
45946,Bob Jones,Electronics,50.0,3,7.373626373626373,5.0,Low,Q2,133.41666666666666,100.25,109.9,December,150.0,4,49.87531172069826
61860,Charlie Brown,Electronics,250.0,11,7.373626373626373,2.0,High,Q4,133.41666666666666,50.0,300.1246882793017,July,2750.0,3,500.0
85060,Bob Jones,Sports,100.25,13,7.402777777777778,4.0,High,Q3,133.41666666666666,250.0,-299.75,August,1303.25,3,40.1
99186,Charlie Brown,Beauty,250.0,13,7.186868686868687,2.0,High,Q4,200.08333333333334,100.25,309.9,January,3250.0,1,249.37655860349128
78785,Charlie Brown,Home & Kitchen,50.0,5,7.509708737864078,5.0,Low,Q2,133.41666666666666,250.0,-99.37655860349128,August,250.0,3,20.0
38602,Charlie Brown,Electronics,100.25,8,7.373626373626373,4.0,Mideum,Q3,133.41666666666666,50.0,180.25,January,802.0,1,200.5
64237,Diana Prince,Beauty,250.0,1,7.186868686868687,2.0,Low,Q4,133.41666666666666,100.25,149.5,December,250.0,4,249.37655860349128
65961,Charlie Brown,Electronics,10.5,10,7.373626373626373,6.0,Mideum,Q1,120.25,250.0,-138.87655860349128,November,105.0,4,4.2
39373,Diana Prince,Home & Kitchen,250.0,10,7.509708737864078,2.0,Mideum,Q4,170.16666666666666,10.5,345.8,March,2500.0,1,2380.952380952381
40015,Bob Jones,Home & Kitchen,250.0,13,7.509708737864078,2.0,High,Q4,170.16666666666666,250.0,-2030.9523809523812,April,3250.0,2,100.0
68066,Bob Jones,Sports,50.0,13,7.402777777777778,5.0,High,Q2,183.33333333333334,250.0,50.0,August,650.0,3,20.0
14703,Charlie Brown,Sports,250.0,5,7.402777777777778,2.0,Low,Q4,183.33333333333334,50.0,330.0,May,1250.0,2,500.0
86218,Charlie Brown,Home & Kitchen,10.5,10,7.509708737864078,6.0,Mideum,Q1,103.5,250.0,-389.5,May,105.0,2,4.2
56600,Diana Prince,Beauty,50.0,9,7.186868686868687,5.0,Mideum,Q2,103.5,10.5,145.8,April,450.0,2,476.1904761904762
89026,Charlie Brown,Clothing,250.0,13,7.6767676767676765,2.0,High,Q4,103.5,50.0,-126.1904761904762,July,3250.0,3,500.0
89561,Alice Smith,Home & Kitchen,100.25,13,7.509708737864078,4.0,High,Q3,133.41666666666666,250.0,-299.75,December,1303.25,4,40.1
90910,Alice Smith,Home & Kitchen,500.75,11,7.509708737864078,1.0,High,Q5,283.6666666666667,100.25,560.65,February,5508.25,1,499.501246882793
12482,Diana Prince,Electronics,250.0,7,7.373626373626373,2.0,Mideum,Q4,283.6666666666667,500.75,-149.501246882793,October,1750.0,4,49.925112331502746
57908,Diana Prince,Home & Kitchen,500.75,11,7.509708737864078,1.0,High,Q5,417.1666666666667,250.0,550.8248876684972,November,5508.25,4,200.3
38769,Diana Prince,Beauty,250.0,12,7.186868686868687,2.0,High,Q4,333.5833333333333,500.75,149.7,October,3000.0,4,49.925112331502746
95680,Diana Prince,Home & Kitchen,50.0,3,7.509708737864078,5.0,Low,Q2,266.9166666666667,250.0,100.07488766849727,April,150.0,2,20.0
53642,Bob Jones,Home & Kitchen,10.5,3,7.509708737864078,6.0,Low,Q1,103.5,50.0,90.5,December,31.5,4,21.0
14757,Evan Wright,Clothing,-999.0,14,7.6767676767676765,7.0,High,Q1,-312.8333333333333,10.5,-920.0,July,-13986.0,3,-9514.285714285714
42913,Charlie Brown,Electronics,500.75,13,7.373626373626373,1.0,High,Q5,-162.58333333333334,-999.0,10115.035714285714,December,6509.75,4,-50.12512512512512
11645,Bob Jones,Clothing,10.5,8,7.6767676767676765,6.0,Mideum,Q1,-162.58333333333334,500.75,160.62512512512512,January,84.0,1,2.0968547179231156
75661,Charlie Brown,Clothing,100.25,9,7.6767676767676765,4.0,Mideum,Q3,203.83333333333334,10.5,198.15314528207688,November,902.25,4,954.7619047619047
21344,Alice Smith,Electronics,250.0,12,7.373626373626373,2.0,High,Q4,120.25,100.25,-604.7619047619047,May,3000.0,2,249.37655860349128
21303,Alice Smith,Clothing,10.5,6,7.6767676767676765,6.0,Mideum,Q1,120.25,250.0,-138.87655860349128,March,63.0,1,4.2
40523,Evan Wright,Beauty,10.5,10,7.186868686868687,6.0,Mideum,Q1,90.33333333333333,10.5,106.3,January,105.0,1,100.0
47148,Evan Wright,Home & Kitchen,500.75,5,7.509708737864078,1.0,Low,Q5,173.91666666666666,10.5,500.75,August,2503.75,3,4769.047619047619
38529,Bob Jones,Home & Kitchen,50.0,2,7.509708737864078,5.0,Low,Q2,187.08333333333334,500.75,-4619.047619047619,September,100.0,3,9.98502246630055
37082,Charlie Brown,Electronics,50.0,6,7.373626373626373,5.0,Mideum,Q2,200.25,50.0,140.01497753369944,October,300.0,4,100.0
79298,Charlie Brown,Home & Kitchen,142.93479355488418,11,7.509708737864078,3.0,High,Q4,80.97826451829472,50.0,142.93479355488418,February,1572.282729103726,1,285.86958710976836
11560,Bob Jones,Sports,100.25,7,7.402777777777778,4.0,Mideum,Q3,97.72826451829474,142.93479355488418,-85.61958710976836,February,701.75,1,70.13687675807637
52207,Charlie Brown,Clothing,500.75,2,7.6767676767676765,1.0,Low,Q5,247.97826451829474,100.25,530.6131232419236,May,1001.5,2,499.501246882793
43756,Evan Wright,Electronics,500.75,11,7.373626373626373,1.0,High,Q5,367.25,500.75,101.248753117207,April,5508.25,2,100.0
50631,Charlie Brown,Home & Kitchen,50.0,8,7.509708737864078,5.0,Mideum,Q2,350.5,500.75,50.0,February,400.0,1,9.98502246630055
52240,Charlie Brown,Clothing,10.5,2,7.6767676767676765,6.0,Low,Q1,187.08333333333334,50.0,100.51497753369945,August,21.0,3,21.0
12983,Alice Smith,Electronics,10.5,5,7.373626373626373,6.0,Low,Q1,23.666666666666668,10.5,89.5,August,52.5,3,100.0
74644,Charlie Brown,Beauty,500.75,1,7.186868686868687,1.0,Low,Q5,173.91666666666666,10.5,500.75,February,500.75,1,4769.047619047619
17813,Alice Smith,Sports,250.0,3,7.402777777777778,2.0,Low,Q4,253.75,500.75,-4419.047619047619,July,750.0,3,49.925112331502746
64620,Bob Jones,Sports,50.0,6,7.402777777777778,5.0,Mideum,Q2,266.9166666666667,250.0,100.07488766849727,June,300.0,2,20.0
74881,Charlie Brown,Electronics,50.0,13,7.373626373626373,5.0,High,Q2,116.66666666666667,50.0,130.0,November,650.0,4,100.0
73852,Charlie Brown,Beauty,100.25,2,7.186868686868687,4.0,Low,Q3,66.75,50.0,100.25,April,200.5,2,200.5
16645,Alice Smith,Electronics,250.0,9,7.373626373626373,2.0,Mideum,Q4,133.41666666666666,100.25,149.5,March,2250.0,1,249.37655860349128
91182,Alice Smith,Home & Kitchen,10.5,8,7.509708737864078,6.0,Mideum,Q1,120.25,250.0,-138.87655860349128,December,84.0,4,4.2
81431,Diana Prince,Beauty,250.0,10,7.186868686868687,2.0,Mideum,Q4,170.16666666666666,10.5,345.8,December,2500.0,4,2380.952380952381
12050,Bob Jones,Sports,50.0,5,7.402777777777778,5.0,Low,Q2,103.5,250.0,-2230.952380952381,October,250.0,4,20.0
39856,Alice Smith,Electronics,250.0,11,7.373626373626373,2.0,High,Q4,183.33333333333334,50.0,330.0,March,2750.0,1,500.0
76150,Charlie Brown,Electronics,50.0,10,7.373626373626373,5.0,Mideum,Q2,116.66666666666667,250.0,-350.0,February,500.0,1,20.0
78904,Evan Wright,Beauty,250.0,10,7.186868686868687,2.0,Mideum,Q4,183.33333333333334,50.0,330.0,April,2500.0,2,500.0
92985,Bob Jones,Home & Kitchen,250.0,3,7.509708737864078,2.0,Low,Q4,183.33333333333334,250.0,-150.0,February,750.0,1,100.0
21246,Evan Wright,Clothing,500.75,9,7.6767676767676765,1.0,Mideum,Q5,333.5833333333333,250.0,500.75,January,4506.75,1,200.3
36399,Diana Prince,Sports,10.5,5,7.402777777777778,6.0,Low,Q1,253.75,500.75,-89.80000000000001,December,52.5,4,2.0968547179231156
36431,Evan Wright,Electronics,10.5,3,7.373626373626373,6.0,Low,Q1,173.91666666666666,10.5,108.40314528207689,May,31.5,2,100.0
77779,Alice Smith,Electronics,10.5,1,7.373626373626373,6.0,Low,Q1,10.5,10.5,10.5,July,10.5,3,100.0
34262,Charlie Brown,Electronics,250.0,1,7.373626373626373,2.0,Low,Q4,90.33333333333333,10.5,250.0,August,250.0,3,2380.952380952381
94458,Alice Smith,Home & Kitchen,50.0,6,7.509708737864078,5.0,Mideum,Q2,103.5,250.0,-2230.952380952381,May,300.0,2,20.0
44801,Alice Smith,Sports,500.75,9,7.402777777777778,1.0,Mideum,Q5,266.9166666666667,50.0,580.75,June,4506.75,2,1001.5
82541,Diana Prince,Beauty,50.0,10,7.186868686868687,5.0,Mideum,Q2,200.25,500.75,-851.5,January,500.0,1,9.98502246630055
73230,Alice Smith,Sports,10.5,13,7.402777777777778,6.0,High,Q1,187.08333333333334,50.0,100.51497753369945,February,136.5,1,21.0
86325,Charlie Brown,Electronics,500.75,10,7.373626373626373,1.0,Mideum,Q5,187.08333333333334,10.5,579.75,April,5007.5,2,4769.047619047619
93847,Charlie Brown,Clothing,250.0,14,7.6767676767676765,2.0,High,Q4,253.75,500.75,-4419.047619047619,July,3500.0,3,49.925112331502746
69720,Diana Prince,Home & Kitchen,100.25,12,7.509708737864078,4.0,High,Q3,283.6666666666667,250.0,150.32488766849727,December,1203.0,4,40.1
23281,Evan Wright,Beauty,500.75,10,7.186868686868687,1.0,Mideum,Q5,283.6666666666667,100.25,560.65,July,5007.5,3,499.501246882793
49499,Charlie Brown,Beauty,10.5,8,7.186868686868687,6.0,Mideum,Q1,203.83333333333334,500.75,-389.001246882793,November,84.0,4,2.0968547179231156
32890,Bob Jones,Beauty,250.0,2,7.186868686868687,2.0,Low,Q4,253.75,10.5,347.9031452820769,May,500.0,2,2380.952380952381
44911,Evan Wright,Sports,100.25,5,7.402777777777778,4.0,Low,Q3,120.25,250.0,-2180.702380952381,December,501.25,4,40.1
67545,Evan Wright,Home & Kitchen,50.0,5,7.509708737864078,5.0,Low,Q2,133.41666666666666,100.25,109.9,October,250.0,4,49.87531172069826
10922,Charlie Brown,Sports,50.0,14,7.402777777777778,5.0,High,Q2,66.75,50.0,100.12468827930175,January,700.0,1,100.0
85452,Diana Prince,Clothing,250.0,4,7.6767676767676765,2.0,Low,Q4,116.66666666666667,50.0,250.0,October,1000.0,4,500.0
84910,Alice Smith,Sports,250.0,6,7.402777777777778,2.0,Mideum,Q4,183.33333333333334,250.0,-150.0,April,1500.0,2,100.0
88249,Evan Wright,Electronics,50.0,12,7.373626373626373,5.0,High,Q2,183.33333333333334,250.0,50.0,August,600.0,3,20.0
45057,Evan Wright,Home & Kitchen,10.5,6,7.509708737864078,6.0,Mideum,Q1,103.5,50.0,90.5,September,63.0,3,21.0
96652,Charlie Brown,Sports,50.0,6,7.402777777777778,5.0,Mideum,Q2,36.833333333333336,10.5,129.0,July,300.0,3,476.1904761904762
57638,Alice Smith,Home & Kitchen,500.75,9,7.509708737864078,1.0,Mideum,Q5,187.08333333333334,50.0,124.5595238095238,November,4506.75,4,1001.5
44016,Alice Smith,Sports,250.0,12,7.402777777777778,2.0,High,Q4,266.9166666666667,500.75,-651.5,September,3000.0,3,49.925112331502746
30581,Alice Smith,Clothing,50.0,3,7.6767676767676765,5.0,Low,Q2,266.9166666666667,250.0,100.07488766849727,August,150.0,3,20.0
42921,Alice Smith,Beauty,142.93479355488418,2,7.186868686868687,3.0,Low,Q4,147.6449311849614,50.0,222.93479355488418,November,285.86958710976836,4,285.86958710976836
66276,Bob Jones,Electronics,100.25,10,7.373626373626373,4.0,Mideum,Q3,97.72826451829474,142.93479355488418,-85.61958710976836,April,1002.5,2,70.13687675807637
94386,Alice Smith,Electronics,250.0,9,7.373626373626373,2.0,Mideum,Q4,164.3949311849614,100.25,279.86312324192363,October,2250.0,4,249.37655860349128
49282,Charlie Brown,Electronics,100.25,2,7.373626373626373,4.0,Low,Q3,150.16666666666666,250.0,-49.126558603491276,August,200.5,3,40.1
76061,Alice Smith,Beauty,500.75,11,7.186868686868687,1.0,High,Q5,283.6666666666667,100.25,560.65,April,5508.25,2,499.501246882793
53925,Evan Wright,Beauty,500.75,6,7.186868686868687,1.0,Mideum,Q5,367.25,500.75,101.248753117207,May,3004.5,2,100.0
19200,Bob Jones,Sports,500.75,6,7.402777777777778,1.0,Mideum,Q5,500.75,500.75,500.75,October,3004.5,4,100.0
41419,Charlie Brown,Home & Kitchen,10.5,5,7.509708737864078,6.0,Low,Q1,337.3333333333333,500.75,10.5,January,52.5,1,2.0968547179231156
78577,Charlie Brown,Electronics,50.0,6,7.373626373626373,5.0,Mideum,Q2,187.08333333333334,10.5,147.90314528207688,April,300.0,2,476.1904761904762
57882,Evan Wright,Clothing,10.5,6,7.6767676767676765,6.0,Mideum,Q1,23.666666666666668,50.0,-365.6904761904762,January,63.0,1,21.0
72516,Alice Smith,Sports,10.5,14,7.402777777777778,6.0,High,Q1,23.666666666666668,10.5,89.5,February,147.0,1,100.0
93194,Diana Prince,Home & Kitchen,250.0,8,7.509708737864078,2.0,Mideum,Q4,90.33333333333333,10.5,250.0,December,2000.0,4,2380.952380952381
20789,Bob Jones,Clothing,250.0,13,7.6767676767676765,2.0,High,Q4,170.16666666666666,250.0,-2030.9523809523812,April,3250.0,2,100.0
64842,Charlie Brown,Beauty,500.75,2,7.186868686868687,1.0,Low,Q5,333.5833333333333,250.0,500.75,April,1001.5,2,200.3
30049,Evan Wright,Electronics,10.5,7,7.373626373626373,6.0,Mideum,Q1,253.75,500.75,-89.80000000000001,September,73.5,3,2.0968547179231156
51844,Evan Wright,Electronics,500.75,7,7.373626373626373,1.0,Mideum,Q5,337.3333333333333,10.5,598.6531452820769,September,3505.25,3,4769.047619047619
76017,Charlie Brown,Clothing,142.93479355488418,5,7.6767676767676765,3.0,Low,Q4,218.06159785162808,500.75,-4526.112825492735,July,714.6739677744209,3,28.54414249723099
43130,Alice Smith,Sports,-999.0,9,7.402777777777778,7.0,Mideum,Q1,-118.43840214837194,142.93479355488418,-927.544142497231,January,-8991.0,1,-698.920098566766
40087,Alice Smith,Sports,142.93479355488418,8,7.402777777777778,3.0,Mideum,Q4,-237.71013763007718,-999.0,941.8548921216502,March,1143.4783484390734,1,-14.307787142631048
55765,Evan Wright,Home & Kitchen,100.25,10,7.509708737864078,4.0,Mideum,Q3,-251.93840214837192,142.93479355488418,214.55778714263107,October,1002.5,4,70.13687675807637
77526,Charlie Brown,Sports,10.5,5,7.402777777777778,6.0,Low,Q1,84.56159785162806,100.25,40.36312324192363,December,52.5,4,10.473815461346634
65761,Bob Jones,Sports,250.0,7,7.402777777777778,2.0,Mideum,Q4,120.25,10.5,339.52618453865335,November,1750.0,4,2380.952380952381
53872,Charlie Brown,Home & Kitchen,500.75,3,7.509708737864078,1.0,Low,Q5,253.75,250.0,-1780.2023809523812,April,1502.25,2,200.3
25524,Diana Prince,Beauty,50.0,10,7.186868686868687,5.0,Mideum,Q2,266.9166666666667,500.75,-50.30000000000001,June,500.0,2,9.98502246630055
59153,Diana Prince,Sports,100.25,2,7.402777777777778,4.0,Low,Q3,217.0,50.0,190.26497753369944,March,200.5,1,200.5
35425,Alice Smith,Clothing,10.5,3,7.6767676767676765,6.0,Low,Q1,53.583333333333336,100.25,-89.99999999999999,December,31.5,4,10.473815461346634
42981,Charlie Brown,Home & Kitchen,50.0,10,7.509708737864078,5.0,Mideum,Q2,53.583333333333336,10.5,139.52618453865335,April,500.0,2,476.1904761904762
57924,Alice Smith,Clothing,100.25,11,7.6767676767676765,4.0,High,Q3,53.583333333333336,50.0,-275.9404761904762,January,1102.75,1,200.5
25358,Alice Smith,Beauty,50.0,11,7.186868686868687,5.0,High,Q2,66.75,100.25,-50.499999999999986,June,550.0,2,49.87531172069826
73197,Bob Jones,Home & Kitchen,10.5,9,7.509708737864078,6.0,Mideum,Q1,53.583333333333336,50.0,60.62468827930174,May,94.5,2,21.0
68606,Diana Prince,Electronics,100.25,12,7.373626373626373,4.0,High,Q3,53.583333333333336,10.5,179.25,December,1203.0,4,954.7619047619047
62579,Charlie Brown,Sports,10.5,12,7.402777777777778,6.0,High,Q1,40.416666666666664,100.25,-844.2619047619047,April,126.0,2,10.473815461346634
35963,Alice Smith,Electronics,50.0,5,7.373626373626373,5.0,Low,Q2,53.583333333333336,10.5,139.52618453865335,January,250.0,1,476.1904761904762
84182,Diana Prince,Sports,-999.0,2,7.402777777777778,7.0,Low,Q1,-312.8333333333333,50.0,-1375.1904761904761,August,-1998.0,3,-1998.0
61756,Diana Prince,Electronics,500.75,11,7.373626373626373,1.0,High,Q5,-149.41666666666666,-999.0,2598.75,September,5508.25,3,-50.12512512512512
91871,Charlie Brown,Electronics,50.0,5,7.373626373626373,5.0,Low,Q2,-149.41666666666666,500.75,200.12512512512512,September,250.0,3,9.98502246630055
34354,Evan Wright,Electronics,250.0,4,7.373626373626373,2.0,Low,Q4,266.9166666666667,50.0,340.01497753369944,June,1000.0,2,500.0
49341,Alice Smith,Home & Kitchen,100.25,13,7.509708737864078,4.0,High,Q3,133.41666666666666,250.0,-299.75,September,1303.25,3,40.1
34574,Diana Prince,Electronics,250.0,5,7.373626373626373,2.0,Low,Q4,200.08333333333334,100.25,309.9,January,1250.0,1,249.37655860349128
92970,Diana Prince,Clothing,250.0,1,7.6767676767676765,2.0,Low,Q4,200.08333333333334,250.0,100.62344139650872,June,250.0,2,100.0
43572,Evan Wright,Clothing,250.0,9,7.6767676767676765,2.0,Mideum,Q4,250.0,250.0,250.0,April,2250.0,2,100.0
17906,Evan Wright,Clothing,250.0,14,7.6767676767676765,2.0,High,Q4,250.0,250.0,250.0,December,3500.0,4,100.0
64028,Evan Wright,Sports,50.0,11,7.402777777777778,5.0,High,Q2,183.33333333333334,250.0,50.0,January,550.0,1,20.0
32534,Diana Prince,Clothing,10.5,2,7.6767676767676765,6.0,Low,Q1,103.5,50.0,90.5,December,21.0,4,21.0
59153,Alice Smith,Beauty,142.93479355488418,11,7.186868686868687,3.0,High,Q4,67.81159785162806,10.5,221.93479355488418,February,1572.282729103726,1,1361.2837481417541
93869,Charlie Brown,Sports,250.0,9,7.402777777777778,2.0,Mideum,Q4,134.47826451829474,142.93479355488418,-1011.2837481417541,February,2250.0,1,174.90492957126276
75455,Diana Prince,Beauty,10.5,12,7.186868686868687,6.0,High,Q1,134.47826451829474,250.0,-64.40492957126276,May,126.0,2,4.2
78247,Charlie Brown,Electronics,10.5,7,7.373626373626373,6.0,Mideum,Q1,90.33333333333333,10.5,106.3,October,73.5,4,100.0
72211,Alice Smith,Clothing,250.0,7,7.6767676767676765,2.0,Mideum,Q4,90.33333333333333,10.5,250.0,February,1750.0,1,2380.952380952381
88945,Charlie Brown,Beauty,500.75,10,7.186868686868687,1.0,Mideum,Q5,253.75,250.0,-1780.2023809523812,August,5007.5,3,200.3
87539,Bob Jones,Beauty,10.5,10,7.186868686868687,6.0,Mideum,Q1,253.75,500.75,-89.80000000000001,January,105.0,1,2.0968547179231156
16368,Diana Prince,Beauty,100.25,6,7.186868686868687,4.0,Mideum,Q3,203.83333333333334,10.5,198.15314528207688,May,601.5,2,954.7619047619047
69676,Bob Jones,Home & Kitchen,10.5,11,7.509708737864078,6.0,High,Q1,40.416666666666664,100.25,-844.2619047619047,November,115.5,4,10.473815461346634
31927,Bob Jones,Home & Kitchen,250.0,14,7.509708737864078,2.0,High,Q4,120.25,10.5,339.52618453865335,October,3500.0,4,2380.952380952381
64756,Diana Prince,Electronics,10.5,5,7.373626373626373,6.0,Low,Q1,90.33333333333333,250.0,-2270.452380952381,November,52.5,4,4.2
37632,Alice Smith,Home & Kitchen,100.25,9,7.509708737864078,4.0,Mideum,Q3,120.25,10.5,196.05,April,902.25,2,954.7619047619047
33019,Bob Jones,Home & Kitchen,100.25,13,7.509708737864078,4.0,High,Q3,70.33333333333333,100.25,-754.5119047619047,March,1303.25,1,100.0
96740,Charlie Brown,Home & Kitchen,500.75,14,7.509708737864078,1.0,High,Q5,233.75,100.25,500.75,October,7010.5,4,499.501246882793
88797,Charlie Brown,Electronics,100.25,1,7.373626373626373,4.0,Low,Q3,233.75,500.75,-299.251246882793,June,100.25,2,20.0199700449326
69321,Evan Wright,Electronics,250.0,7,7.373626373626373,2.0,Mideum,Q4,283.6666666666667,100.25,329.9800299550674,December,1750.0,4,249.37655860349128
93560,Evan Wright,Home & Kitchen,50.0,12,7.509708737864078,5.0,High,Q2,133.41666666666666,250.0,-99.37655860349128,September,600.0,3,20.0
33510,Charlie Brown,Home & Kitchen,10.5,8,7.509708737864078,6.0,Mideum,Q1,103.5,50.0,90.5,July,84.0,3,21.0
61356,Charlie Brown,Home & Kitchen,500.75,7,7.509708737864078,1.0,Mideum,Q5,187.08333333333334,10.5,579.75,July,3505.25,3,4769.047619047619
55648,Diana Prince,Clothing,500.75,13,7.6767676767676765,1.0,High,Q5,337.3333333333333,500.75,-4168.297619047619,November,6509.75,4,100.0
46368,Bob Jones,Sports,100.25,14,7.402777777777778,4.0,High,Q3,367.25,500.75,100.25,July,1403.5,3,20.0199700449326
38145,Bob Jones,Home & Kitchen,500.75,13,7.509708737864078,1.0,High,Q5,367.25,100.25,580.7300299550674,April,6509.75,2,499.501246882793
69052,Bob Jones,Electronics,50.0,7,7.373626373626373,5.0,Mideum,Q2,217.0,500.75,-349.501246882793,October,350.0,4,9.98502246630055
37490,Evan Wright,Electronics,10.5,1,7.373626373626373,6.0,Low,Q1,187.08333333333334,50.0,100.51497753369945,March,10.5,1,21.0
95112,Alice Smith,Beauty,250.0,1,7.186868686868687,2.0,Low,Q4,103.5,10.5,329.0,November,250.0,4,2380.952380952381
22857,Diana Prince,Electronics,10.5,4,7.373626373626373,6.0,Low,Q1,90.33333333333333,250.0,-2270.452380952381,September,42.0,3,4.2
59138,Charlie Brown,Home & Kitchen,10.5,7,7.509708737864078,6.0,Mideum,Q1,90.33333333333333,10.5,106.3,October,73.5,4,100.0
63302,Alice Smith,Sports,10.5,1,7.402777777777778,6.0,Low,Q1,10.5,10.5,10.5,December,10.5,4,100.0
54327,Alice Smith,Electronics,50.0,5,7.373626373626373,5.0,Low,Q2,23.666666666666668,10.5,50.0,September,250.0,3,476.1904761904762
19184,Evan Wright,Electronics,250.0,11,7.373626373626373,2.0,High,Q4,103.5,50.0,-126.1904761904762,October,2750.0,4,500.0
52520,Diana Prince,Sports,50.0,1,7.402777777777778,5.0,Low,Q2,116.66666666666667,250.0,-350.0,April,50.0,2,20.0
92879,Diana Prince,Home & Kitchen,50.0,9,7.509708737864078,5.0,Mideum,Q2,116.66666666666667,50.0,130.0,January,450.0,1,100.0
99613,Diana Prince,Home & Kitchen,10.5,10,7.509708737864078,6.0,Mideum,Q1,36.833333333333336,50.0,10.5,May,105.0,2,21.0
82545,Charlie Brown,Sports,10.5,12,7.402777777777778,6.0,High,Q1,23.666666666666668,10.5,89.5,August,126.0,3,100.0
16960,Bob Jones,Sports,10.5,5,7.402777777777778,6.0,Low,Q1,10.5,10.5,10.5,May,52.5,2,100.0
85532,Evan Wright,Sports,250.0,1,7.402777777777778,2.0,Low,Q4,90.33333333333333,10.5,250.0,December,250.0,4,2380.952380952381
67384,Diana Prince,Beauty,50.0,7,7.186868686868687,5.0,Mideum,Q2,103.5,250.0,-2230.952380952381,May,350.0,2,20.0
34860,Evan Wright,Home & Kitchen,250.0,3,7.509708737864078,2.0,Low,Q4,183.33333333333334,50.0,330.0,February,750.0,1,500.0
33752,Alice Smith,Beauty,10.5,11,7.186868686868687,6.0,High,Q1,103.5,250.0,-389.5,December,115.5,4,4.2
29256,Bob Jones,Sports,250.0,10,7.402777777777778,2.0,Mideum,Q4,170.16666666666666,10.5,345.8,April,2500.0,2,2380.952380952381
23025,Alice Smith,Home & Kitchen,250.0,13,7.509708737864078,2.0,High,Q4,170.16666666666666,250.0,-2030.9523809523812,February,3250.0,1,100.0
98576,Evan Wright,Beauty,500.75,5,7.186868686868687,1.0,Low,Q5,333.5833333333333,250.0,500.75,July,2503.75,3,200.3
88339,Alice Smith,Home & Kitchen,100.25,6,7.509708737864078,4.0,Mideum,Q3,283.6666666666667,500.75,-0.05000000000001137,November,601.5,4,20.0199700449326
21122,Bob Jones,Beauty,10.5,3,7.186868686868687,6.0,Low,Q1,203.83333333333334,100.25,90.4800299550674,April,31.5,2,10.473815461346634
10806,Evan Wright,Home & Kitchen,50.0,1,7.509708737864078,5.0,Low,Q2,53.583333333333336,10.5,139.52618453865335,October,50.0,4,476.1904761904762
84318,Charlie Brown,Electronics,50.0,8,7.373626373626373,5.0,Mideum,Q2,36.833333333333336,50.0,-326.1904761904762,February,400.0,1,100.0
85186,Alice Smith,Clothing,142.93479355488418,9,7.6767676767676765,3.0,Mideum,Q4,80.97826451829472,50.0,142.93479355488418,February,1286.4131419939577,1,285.86958710976836
64771,Charlie Brown,Electronics,500.75,13,7.373626373626373,1.0,High,Q5,231.22826451829474,142.93479355488418,314.88041289023164,December,6509.75,4,350.3345739312393
36143,Alice Smith,Sports,250.0,10,7.402777777777778,2.0,Mideum,Q4,297.8949311849614,500.75,-0.334573931239305,August,2500.0,3,49.925112331502746
23919,Evan Wright,Electronics,50.0,3,7.373626373626373,5.0,Low,Q2,266.9166666666667,250.0,100.07488766849727,March,150.0,1,20.0
22987,Bob Jones,Electronics,100.25,10,7.373626373626373,4.0,Mideum,Q3,133.41666666666666,50.0,180.25,September,1002.5,3,200.5
89083,Evan Wright,Electronics,50.0,3,7.373626373626373,5.0,Low,Q2,66.75,100.25,-50.499999999999986,November,150.0,4,49.87531172069826
57064,Bob Jones,Beauty,50.0,11,7.186868686868687,5.0,High,Q2,66.75,50.0,100.12468827930175,November,550.0,4,100.0
38541,Alice Smith,Home & Kitchen,100.25,7,7.509708737864078,4.0,Mideum,Q3,66.75,50.0,100.25,February,701.75,1,200.5
76262,Diana Prince,Home & Kitchen,250.0,13,7.509708737864078,2.0,High,Q4,133.41666666666666,100.25,149.5,July,3250.0,3,249.37655860349128
60106,Alice Smith,Beauty,10.5,13,7.186868686868687,6.0,High,Q1,120.25,250.0,-138.87655860349128,April,136.5,2,4.2
85418,Alice Smith,Electronics,10.5,9,7.373626373626373,6.0,Mideum,Q1,90.33333333333333,10.5,106.3,December,94.5,4,100.0
77642,Evan Wright,Clothing,10.5,10,7.6767676767676765,6.0,Mideum,Q1,10.5,10.5,10.5,September,105.0,3,100.0
70112,Bob Jones,Clothing,100.25,9,7.6767676767676765,4.0,Mideum,Q3,40.416666666666664,10.5,100.25,November,902.25,4,954.7619047619047
84055,Diana Prince,Clothing,50.0,10,7.6767676767676765,5.0,Mideum,Q2,53.583333333333336,100.25,-804.7619047619047,October,500.0,4,49.87531172069826
59268,Bob Jones,Beauty,250.0,4,7.186868686868687,2.0,Low,Q4,133.41666666666666,50.0,300.1246882793017,April,1000.0,2,500.0
71413,Diana Prince,Sports,500.75,8,7.402777777777778,1.0,Mideum,Q5,266.9166666666667,250.0,100.75,December,4006.0,4,200.3
35559,Diana Prince,Electronics,10.5,10,7.373626373626373,6.0,Mideum,Q1,253.75,500.75,-89.80000000000001,July,105.0,3,2.0968547179231156
64912,Evan Wright,Clothing,250.0,13,7.6767676767676765,2.0,High,Q4,253.75,10.5,347.9031452820769,September,3250.0,3,2380.952380952381
41480,Evan Wright,Sports,100.25,11,7.402777777777778,4.0,High,Q3,120.25,250.0,-2180.702380952381,September,1102.75,3,40.1
26478,Alice Smith,Beauty,50.0,7,7.186868686868687,5.0,Mideum,Q2,133.41666666666666,100.25,109.9,January,350.0,1,49.87531172069826
58280,Evan Wright,Beauty,100.25,3,7.186868686868687,4.0,Low,Q3,83.5,50.0,150.37468827930175,March,300.75,1,200.5
55558,Diana Prince,Electronics,50.0,4,7.373626373626373,5.0,Low,Q2,66.75,100.25,-50.499999999999986,August,200.0,3,49.87531172069826
30103,Diana Prince,Home & Kitchen,500.75,8,7.509708737864078,1.0,Mideum,Q5,217.0,50.0,550.8746882793017,August,4006.0,3,1001.5
58787,Bob Jones,Electronics,100.25,2,7.373626373626373,4.0,Low,Q3,217.0,500.75,-801.25,September,200.5,3,20.0199700449326
62930,Evan Wright,Electronics,50.0,10,7.373626373626373,5.0,Mideum,Q2,217.0,100.25,129.98002995506738,July,500.0,3,49.87531172069826
25317,Diana Prince,Clothing,10.5,9,7.6767676767676765,6.0,Mideum,Q1,53.583333333333336,50.0,60.62468827930174,October,94.5,4,21.0
36657,Bob Jones,Electronics,10.5,4,7.373626373626373,6.0,Low,Q1,23.666666666666668,10.5,89.5,February,42.0,1,100.0
46877,Alice Smith,Home & Kitchen,50.0,10,7.509708737864078,5.0,Mideum,Q2,23.666666666666668,10.5,50.0,June,500.0,2,476.1904761904762
75160,Evan Wright,Beauty,500.75,6,7.186868686868687,1.0,Mideum,Q5,187.08333333333334,50.0,124.5595238095238,January,3004.5,1,1001.5
50042,Evan Wright,Beauty,10.5,8,7.186868686868687,6.0,Mideum,Q1,187.08333333333334,500.75,-891.0,January,84.0,1,2.0968547179231156
76358,Diana Prince,Home & Kitchen,50.0,6,7.509708737864078,5.0,Mideum,Q2,187.08333333333334,10.5,147.90314528207688,October,300.0,4,476.1904761904762
29982,Diana Prince,Electronics,-999.0,9,7.373626373626373,7.0,Mideum,Q1,-312.8333333333333,50.0,-1375.1904761904761,January,-8991.0,1,-1998.0
79768,Bob Jones,Electronics,50.0,11,7.373626373626373,5.0,High,Q2,-299.6666666666667,-999.0,2148.0,September,550.0,3,-5.005005005005005
87834,Charlie Brown,Beauty,500.75,2,7.186868686868687,1.0,Low,Q5,-149.41666666666666,50.0,605.755005005005,May,1001.5,2,1001.5
26725,Charlie Brown,Home & Kitchen,142.93479355488418,2,7.509708737864078,3.0,Low,Q4,231.22826451829474,500.75,-758.5652064451158,January,285.86958710976836,1,28.54414249723099
97487,Diana Prince,Electronics,500.75,10,7.373626373626373,1.0,Mideum,Q5,381.47826451829474,142.93479355488418,572.205857502769,March,5007.5,1,350.3345739312393
12719,Evan Wright,Home & Kitchen,250.0,12,7.509708737864078,2.0,High,Q4,297.8949311849614,500.75,-0.334573931239305,October,3000.0,4,49.925112331502746
40027,Bob Jones,Clothing,250.0,11,7.6767676767676765,2.0,High,Q4,333.5833333333333,250.0,300.07488766849724,August,2750.0,3,100.0
17424,Diana Prince,Sports,500.75,3,7.402777777777778,1.0,Low,Q5,333.5833333333333,250.0,500.75,August,1502.25,3,200.3
40678,Evan Wright,Sports,50.0,7,7.402777777777778,5.0,Mideum,Q2,266.9166666666667,500.75,-50.30000000000001,July,350.0,3,9.98502246630055
56240,Alice Smith,Sports,10.5,9,7.402777777777778,6.0,Mideum,Q1,187.08333333333334,50.0,100.51497753369945,April,94.5,2,21.0
47265,Evan Wright,Sports,10.5,1,7.402777777777778,6.0,Low,Q1,23.666666666666668,10.5,89.5,January,10.5,1,100.0
71272,Diana Prince,Sports,250.0,3,7.402777777777778,2.0,Low,Q4,90.33333333333333,10.5,250.0,January,750.0,1,2380.952380952381
26032,Charlie Brown,Sports,50.0,4,7.402777777777778,5.0,Low,Q2,103.5,250.0,-2230.952380952381,May,200.0,2,20.0
46397,Diana Prince,Beauty,500.75,9,7.186868686868687,1.0,Mideum,Q5,266.9166666666667,50.0,580.75,October,4506.75,4,1001.5
83509,Bob Jones,Home & Kitchen,100.25,10,7.509708737864078,4.0,Mideum,Q3,217.0,500.75,-801.25,December,1002.5,4,20.0199700449326
67372,Diana Prince,Home & Kitchen,50.0,5,7.509708737864078,5.0,Low,Q2,217.0,100.25,129.98002995506738,May,250.0,2,49.87531172069826
58845,Charlie Brown,Clothing,-999.0,4,7.6767676767676765,7.0,Low,Q1,-282.9166666666667,50.0,-948.8753117206983,June,-3996.0,2,-1998.0
33051,Diana Prince,Sports,250.0,11,7.402777777777778,2.0,High,Q4,-233.0,-999.0,2348.0,November,2750.0,4,-25.025025025025027
47430,Charlie Brown,Beauty,50.0,12,7.186868686868687,5.0,High,Q2,-233.0,250.0,175.025025025025,July,600.0,3,20.0
17564,Diana Prince,Sports,50.0,12,7.402777777777778,5.0,High,Q2,116.66666666666667,50.0,130.0,March,600.0,1,100.0
25328,Evan Wright,Sports,10.5,5,7.402777777777778,6.0,Low,Q1,36.833333333333336,50.0,10.5,May,52.5,2,21.0
33930,Alice Smith,Sports,250.0,1,7.402777777777778,2.0,Low,Q4,103.5,10.5,329.0,November,250.0,4,2380.952380952381
51846,Alice Smith,Sports,250.0,8,7.402777777777778,2.0,Mideum,Q4,170.16666666666666,250.0,-2030.9523809523812,November,2000.0,4,100.0
39192,Diana Prince,Beauty,50.0,12,7.186868686868687,5.0,High,Q2,183.33333333333334,250.0,50.0,May,600.0,2,20.0
52929,Evan Wright,Beauty,250.0,7,7.186868686868687,2.0,Mideum,Q4,183.33333333333334,50.0,330.0,May,1750.0,2,500.0
15084,Alice Smith,Clothing,10.5,1,7.6767676767676765,6.0,Low,Q1,103.5,250.0,-389.5,April,10.5,2,4.2
85683,Alice Smith,Beauty,10.5,1,7.186868686868687,6.0,Low,Q1,90.33333333333333,10.5,106.3,June,10.5,2,100.0
93441,Evan Wright,Beauty,100.25,1,7.186868686868687,4.0,Low,Q3,40.416666666666664,10.5,100.25,October,100.25,4,954.7619047619047
86242,Alice Smith,Electronics,100.25,12,7.373626373626373,4.0,High,Q3,70.33333333333333,100.25,-754.5119047619047,January,1203.0,1,100.0
25850,Alice Smith,Electronics,250.0,5,7.373626373626373,2.0,Low,Q4,150.16666666666666,100.25,250.0,June,1250.0,2,249.37655860349128
19446,Alice Smith,Sports,250.0,8,7.402777777777778,2.0,Mideum,Q4,200.08333333333334,250.0,100.62344139650872,January,2000.0,1,100.0
97895,Alice Smith,Electronics,500.75,13,7.373626373626373,1.0,High,Q5,333.5833333333333,250.0,500.75,December,6509.75,4,200.3
54028,Diana Prince,Electronics,50.0,8,7.373626373626373,5.0,Mideum,Q2,266.9166666666667,500.75,-50.30000000000001,December,400.0,4,9.98502246630055
26984,Charlie Brown,Electronics,50.0,6,7.373626373626373,5.0,Mideum,Q2,200.25,50.0,140.01497753369944,July,300.0,3,100.0
65318,Evan Wright,Clothing,100.25,1,7.6767676767676765,4.0,Low,Q3,66.75,50.0,100.25,May,100.25,2,200.5
77649,Charlie Brown,Clothing,500.75,3,7.6767676767676765,1.0,Low,Q5,217.0,100.25,400.25,October,1502.25,4,499.501246882793
48709,Diana Prince,Beauty,100.25,11,7.186868686868687,4.0,High,Q3,233.75,500.75,-299.251246882793,June,1102.75,2,20.0199700449326
36155,Diana Prince,Electronics,50.0,5,7.373626373626373,5.0,Low,Q2,217.0,100.25,129.98002995506738,December,250.0,4,49.87531172069826
80792,Evan Wright,Electronics,50.0,7,7.373626373626373,5.0,Mideum,Q2,66.75,50.0,100.12468827930175,November,350.0,4,100.0
61027,Diana Prince,Home & Kitchen,10.5,3,7.509708737864078,6.0,Low,Q1,36.833333333333336,50.0,10.5,December,31.5,4,21.0
18705,Bob Jones,Clothing,250.0,3,7.6767676767676765,2.0,Low,Q4,103.5,10.5,329.0,October,750.0,4,2380.952380952381
61474,Bob Jones,Sports,250.0,2,7.402777777777778,2.0,Low,Q4,170.16666666666666,250.0,-2030.9523809523812,January,500.0,1,100.0
44707,Diana Prince,Clothing,50.0,14,7.6767676767676765,5.0,High,Q2,183.33333333333334,250.0,50.0,June,700.0,2,20.0
57523,Alice Smith,Sports,250.0,11,7.402777777777778,2.0,High,Q4,183.33333333333334,50.0,330.0,July,2750.0,3,500.0
30581,Charlie Brown,Electronics,100.25,5,7.373626373626373,4.0,Low,Q3,133.41666666666666,250.0,-299.75,May,501.25,2,40.1
11435,Alice Smith,Sports,10.5,12,7.402777777777778,6.0,High,Q1,120.25,100.25,70.4,January,126.0,1,10.473815461346634
55648,Evan Wright,Beauty,250.0,7,7.186868686868687,2.0,Mideum,Q4,120.25,10.5,339.52618453865335,June,1750.0,2,2380.952380952381
86534,Bob Jones,Beauty,50.0,2,7.186868686868687,5.0,Low,Q2,103.5,250.0,-2230.952380952381,March,100.0,1,20.0
63028,Bob Jones,Home & Kitchen,50.0,8,7.509708737864078,5.0,Mideum,Q2,116.66666666666667,50.0,130.0,February,400.0,1,100.0
48000,Bob Jones,Sports,100.25,12,7.402777777777778,4.0,High,Q3,66.75,50.0,100.25,November,1203.0,4,200.5
65204,Diana Prince,Home & Kitchen,500.75,10,7.509708737864078,1.0,Mideum,Q5,217.0,100.25,400.25,March,5007.5,1,499.501246882793
57837,Bob Jones,Home & Kitchen,10.5,6,7.509708737864078,6.0,Mideum,Q1,203.83333333333334,500.75,-389.001246882793,April,63.0,2,2.0968547179231156
45488,Charlie Brown,Home & Kitchen,250.0,3,7.509708737864078,2.0,Low,Q4,253.75,10.5,347.9031452820769,June,750.0,2,2380.952380952381
29975,Charlie Brown,Beauty,50.0,5,7.186868686868687,5.0,Low,Q2,103.5,250.0,-2230.952380952381,August,250.0,3,20.0
49666,Alice Smith,Electronics,100.25,4,7.373626373626373,4.0,Low,Q3,133.41666666666666,50.0,180.25,March,401.0,1,200.5
64917,Diana Prince,Electronics,500.75,4,7.373626373626373,1.0,Low,Q5,217.0,100.25,400.25,December,2003.0,4,499.501246882793
78836,Bob Jones,Home & Kitchen,100.25,6,7.509708737864078,4.0,Mideum,Q3,233.75,500.75,-299.251246882793,May,601.5,2,20.0199700449326
80326,Diana Prince,Clothing,50.0,11,7.6767676767676765,5.0,High,Q2,217.0,100.25,129.98002995506738,December,550.0,4,49.87531172069826
21536,Diana Prince,Beauty,100.25,11,7.186868686868687,4.0,High,Q3,83.5,50.0,150.37468827930175,January,1102.75,1,200.5
81315,Alice Smith,Beauty,10.5,11,7.186868686868687,6.0,High,Q1,53.583333333333336,100.25,-89.99999999999999,December,115.5,4,10.473815461346634
85758,Evan Wright,Electronics,100.25,1,7.373626373626373,4.0,Low,Q3,70.33333333333333,10.5,189.77618453865335,June,100.25,2,954.7619047619047
39629,Alice Smith,Beauty,100.25,8,7.186868686868687,4.0,Mideum,Q3,70.33333333333333,100.25,-754.5119047619047,September,802.0,3,100.0
33499,Alice Smith,Sports,50.0,6,7.402777777777778,5.0,Mideum,Q2,83.5,100.25,50.0,August,300.0,3,49.87531172069826
41860,Bob Jones,Beauty,250.0,13,7.186868686868687,2.0,High,Q4,133.41666666666666,50.0,300.1246882793017,July,3250.0,3,500.0
86919,Charlie Brown,Clothing,100.25,2,7.6767676767676765,4.0,Low,Q3,133.41666666666666,250.0,-299.75,August,200.5,3,40.1
82715,Alice Smith,Clothing,50.0,12,7.6767676767676765,5.0,High,Q2,133.41666666666666,100.25,109.9,March,600.0,1,49.87531172069826
96145,Alice Smith,Home & Kitchen,500.75,13,7.509708737864078,1.0,High,Q5,217.0,50.0,550.8746882793017,May,6509.75,2,1001.5
59930,Diana Prince,Clothing,50.0,5,7.6767676767676765,5.0,Low,Q2,200.25,500.75,-851.5,March,250.0,1,9.98502246630055
94082,Charlie Brown,Beauty,142.93479355488418,2,7.186868686868687,3.0,Low,Q4,231.22826451829474,50.0,232.94977108858365,October,285.86958710976836,4,285.86958710976836
30337,Charlie Brown,Beauty,250.0,11,7.186868686868687,2.0,High,Q4,147.6449311849614,142.93479355488418,64.13041289023164,October,2750.0,4,174.90492957126276
39975,Alice Smith,Beauty,500.75,9,7.186868686868687,1.0,Mideum,Q5,297.8949311849614,250.0,425.84507042873724,April,4506.75,2,200.3
12920,Charlie Brown,Home & Kitchen,10.5,4,7.509708737864078,6.0,Low,Q1,253.75,500.75,-89.80000000000001,September,42.0,3,2.0968547179231156
17287,Charlie Brown,Home & Kitchen,500.75,3,7.509708737864078,1.0,Low,Q5,337.3333333333333,10.5,598.6531452820769,November,1502.25,4,4769.047619047619
63947,Evan Wright,Electronics,500.75,3,7.373626373626373,1.0,Low,Q5,337.3333333333333,500.75,-4168.297619047619,February,1502.25,1,100.0
44020,Charlie Brown,Sports,50.0,12,7.402777777777778,5.0,High,Q2,350.5,500.75,50.0,November,600.0,4,9.98502246630055
96206,Alice Smith,Home & Kitchen,100.25,14,7.509708737864078,4.0,High,Q3,217.0,50.0,190.26497753369944,May,1403.5,2,200.5
18007,Alice Smith,Clothing,10.5,12,7.6767676767676765,6.0,High,Q1,53.583333333333336,100.25,-89.99999999999999,December,126.0,4,10.473815461346634
15408,Alice Smith,Home & Kitchen,250.0,2,7.509708737864078,2.0,Low,Q4,120.25,10.5,339.52618453865335,March,500.0,1,2380.952380952381
23629,Diana Prince,Electronics,100.25,4,7.373626373626373,4.0,Low,Q3,120.25,250.0,-2180.702380952381,February,401.0,1,40.1
97046,Alice Smith,Sports,50.0,2,7.402777777777778,5.0,Low,Q2,133.41666666666666,100.25,109.9,February,100.0,1,49.87531172069826
89273,Evan Wright,Home & Kitchen,50.0,8,7.509708737864078,5.0,Mideum,Q2,66.75,50.0,100.12468827930175,November,400.0,4,100.0
51786,Diana Prince,Electronics,10.5,13,7.373626373626373,6.0,High,Q1,36.833333333333336,50.0,10.5,April,136.5,2,21.0
90765,Evan Wright,Home & Kitchen,10.5,2,7.509708737864078,6.0,Low,Q1,23.666666666666668,10.5,89.5,August,21.0,3,100.0
36015,Bob Jones,Beauty,100.25,12,7.186868686868687,4.0,High,Q3,40.416666666666664,10.5,100.25,October,1203.0,4,954.7619047619047
24288,Charlie Brown,Home & Kitchen,50.0,12,7.509708737864078,5.0,High,Q2,53.583333333333336,100.25,-804.7619047619047,October,600.0,4,49.87531172069826
61920,Diana Prince,Home & Kitchen,10.5,5,7.509708737864078,6.0,Low,Q1,53.583333333333336,50.0,60.62468827930174,April,52.5,2,21.0
35053,Diana Prince,Home & Kitchen,-999.0,4,7.509708737864078,7.0,Low,Q1,-312.8333333333333,10.5,-920.0,January,-3996.0,1,-9514.285714285714
36745,Bob Jones,Electronics,50.0,6,7.373626373626373,5.0,Mideum,Q2,-312.8333333333333,-999.0,9664.285714285714,August,300.0,3,-5.005005005005005
99399,Diana Prince,Sports,250.0,8,7.402777777777778,2.0,Mideum,Q4,-233.0,50.0,355.005005005005,August,2000.0,3,500.0
29816,Alice Smith,Clothing,500.75,3,7.6767676767676765,1.0,Low,Q5,266.9166666666667,250.0,100.75,September,1502.25,3,200.3
31792,Evan Wright,Beauty,10.5,4,7.186868686868687,6.0,Low,Q1,253.75,500.75,-89.80000000000001,April,42.0,2,2.0968547179231156
45111,Bob Jones,Home & Kitchen,10.5,3,7.509708737864078,6.0,Low,Q1,173.91666666666666,10.5,108.40314528207689,October,31.5,4,100.0
12443,Evan Wright,Sports,250.0,9,7.402777777777778,2.0,Mideum,Q4,90.33333333333333,10.5,250.0,January,2250.0,1,2380.952380952381
59708,Diana Prince,Home & Kitchen,250.0,12,7.509708737864078,2.0,High,Q4,170.16666666666666,250.0,-2030.9523809523812,December,3000.0,4,100.0
92711,Bob Jones,Home & Kitchen,10.5,12,7.509708737864078,6.0,High,Q1,170.16666666666666,250.0,10.5,August,126.0,3,4.2
92856,Bob Jones,Home & Kitchen,142.93479355488418,4,7.509708737864078,3.0,Low,Q4,134.47826451829474,10.5,238.73479355488416,December,571.7391742195367,4,1361.2837481417541
91994,Alice Smith,Home & Kitchen,250.0,10,7.509708737864078,2.0,Mideum,Q4,134.47826451829474,142.93479355488418,-1011.2837481417541,February,2500.0,1,174.90492957126276
44832,Bob Jones,Home & Kitchen,100.25,7,7.509708737864078,4.0,Mideum,Q3,164.3949311849614,250.0,25.345070428737245,June,701.75,2,40.1
39402,Diana Prince,Clothing,10.5,14,7.6767676767676765,6.0,High,Q1,120.25,100.25,70.4,July,147.0,3,10.473815461346634
36916,Charlie Brown,Clothing,250.0,11,7.6767676767676765,2.0,High,Q4,120.25,10.5,339.52618453865335,January,2750.0,1,2380.952380952381
19516,Bob Jones,Home & Kitchen,50.0,1,7.509708737864078,5.0,Low,Q2,103.5,250.0,-2230.952380952381,August,50.0,3,20.0
74674,Evan Wright,Sports,500.75,2,7.402777777777778,1.0,Low,Q5,266.9166666666667,50.0,580.75,March,1001.5,1,1001.5
16570,Diana Prince,Electronics,500.75,6,7.373626373626373,1.0,Mideum,Q5,350.5,500.75,-400.75,October,3004.5,4,100.0
36385,Charlie Brown,Sports,50.0,9,7.402777777777778,5.0,Mideum,Q2,350.5,500.75,50.0,June,450.0,2,9.98502246630055
35510,Alice Smith,Electronics,10.5,13,7.373626373626373,6.0,High,Q1,187.08333333333334,50.0,100.51497753369945,April,136.5,2,21.0
53303,Diana Prince,Clothing,-999.0,8,7.6767676767676765,7.0,Mideum,Q1,-312.8333333333333,10.5,-920.0,November,-7992.0,4,-9514.285714285714
48243,Evan Wright,Electronics,100.25,6,7.373626373626373,4.0,Mideum,Q3,-296.0833333333333,-999.0,9714.535714285714,January,601.5,1,-10.035035035035035
84663,Evan Wright,Clothing,100.25,11,7.6767676767676765,4.0,High,Q3,-266.1666666666667,100.25,210.28503503503504,November,1102.75,4,100.0
83319,Bob Jones,Home & Kitchen,50.0,3,7.509708737864078,5.0,Low,Q2,83.5,100.25,50.0,October,150.0,4,49.87531172069826
98397,Evan Wright,Sports,50.0,4,7.402777777777778,5.0,Low,Q2,66.75,50.0,100.12468827930175,April,200.0,2,100.0
21302,Bob Jones,Electronics,10.5,10,7.373626373626373,6.0,Mideum,Q1,36.833333333333336,50.0,10.5,December,105.0,4,21.0
30806,Bob Jones,Electronics,250.0,12,7.373626373626373,2.0,High,Q4,103.5,10.5,329.0,November,3000.0,4,2380.952380952381
29216,Diana Prince,Sports,100.25,6,7.402777777777778,4.0,Mideum,Q3,120.25,250.0,-2180.702380952381,April,601.5,2,40.1
99563,Alice Smith,Clothing,500.75,12,7.6767676767676765,1.0,High,Q5,283.6666666666667,100.25,560.65,April,6009.0,2,499.501246882793
29282,Charlie Brown,Home & Kitchen,250.0,6,7.509708737864078,2.0,Mideum,Q4,283.6666666666667,500.75,-149.501246882793,April,1500.0,2,49.925112331502746
71681,Charlie Brown,Sports,250.0,7,7.402777777777778,2.0,Mideum,Q4,333.5833333333333,250.0,300.07488766849724,April,1750.0,2,100.0
61886,Evan Wright,Home & Kitchen,250.0,5,7.509708737864078,2.0,Low,Q4,250.0,250.0,250.0,January,1250.0,1,100.0
46509,Evan Wright,Sports,10.5,14,7.402777777777778,6.0,High,Q1,170.16666666666666,250.0,10.5,September,147.0,3,4.2
86918,Evan Wright,Home & Kitchen,100.25,3,7.509708737864078,4.0,Low,Q3,120.25,10.5,196.05,January,300.75,1,954.7619047619047
47311,Alice Smith,Beauty,10.5,5,7.186868686868687,6.0,Low,Q1,40.416666666666664,100.25,-844.2619047619047,February,52.5,1,10.473815461346634
88187,Evan Wright,Beauty,10.5,14,7.186868686868687,6.0,High,Q1,40.416666666666664,10.5,100.02618453865337,December,147.0,4,100.0
79350,Diana Prince,Beauty,50.0,6,7.186868686868687,5.0,Mideum,Q2,23.666666666666668,10.5,50.0,March,300.0,1,476.1904761904762
51755,Evan Wright,Beauty,10.5,12,7.186868686868687,6.0,High,Q1,23.666666666666668,50.0,-365.6904761904762,August,126.0,3,21.0
20395,Charlie Brown,Clothing,250.0,10,7.6767676767676765,2.0,Mideum,Q4,103.5,10.5,329.0,January,2500.0,1,2380.952380952381
67761,Bob Jones,Clothing,500.75,8,7.6767676767676765,1.0,Mideum,Q5,253.75,250.0,-1780.2023809523812,July,4006.0,3,200.3
91412,Alice Smith,Electronics,50.0,14,7.373626373626373,5.0,High,Q2,266.9166666666667,500.75,-50.30000000000001,April,700.0,2,9.98502246630055
77728,Evan Wright,Sports,100.25,8,7.402777777777778,4.0,Mideum,Q3,217.0,50.0,190.26497753369944,June,802.0,2,200.5
22219,Alice Smith,Clothing,250.0,2,7.6767676767676765,2.0,Low,Q4,133.41666666666666,100.25,149.5,January,500.0,1,249.37655860349128
58901,Charlie Brown,Clothing,50.0,4,7.6767676767676765,5.0,Low,Q2,133.41666666666666,250.0,-99.37655860349128,September,200.0,3,20.0
14425,Diana Prince,Sports,-999.0,6,7.402777777777778,7.0,Mideum,Q1,-233.0,50.0,-919.0,April,-5994.0,2,-1998.0
39287,Alice Smith,Clothing,100.25,8,7.6767676767676765,4.0,Mideum,Q3,-282.9166666666667,-999.0,2198.25,July,802.0,3,-10.035035035035035
32180,Evan Wright,Clothing,250.0,11,7.6767676767676765,2.0,High,Q4,-216.25,100.25,360.03503503503504,February,2750.0,1,249.37655860349128
35522,Alice Smith,Sports,250.0,1,7.402777777777778,2.0,Low,Q4,200.08333333333334,250.0,100.62344139650872,August,250.0,3,100.0
37696,Charlie Brown,Home & Kitchen,500.75,7,7.509708737864078,1.0,Mideum,Q5,333.5833333333333,250.0,500.75,October,3505.25,4,200.3
88344,Diana Prince,Clothing,10.5,10,7.6767676767676765,6.0,Mideum,Q1,253.75,500.75,-89.80000000000001,April,105.0,2,2.0968547179231156
60108,Diana Prince,Sports,50.0,5,7.402777777777778,5.0,Low,Q2,187.08333333333334,10.5,147.90314528207688,March,250.0,1,476.1904761904762
83972,Bob Jones,Clothing,10.5,13,7.6767676767676765,6.0,High,Q1,23.666666666666668,50.0,-365.6904761904762,June,136.5,2,21.0
74484,Diana Prince,Beauty,250.0,1,7.186868686868687,2.0,Low,Q4,103.5,10.5,329.0,February,250.0,1,2380.952380952381
89141,Alice Smith,Beauty,50.0,3,7.186868686868687,5.0,Low,Q2,103.5,250.0,-2230.952380952381,November,150.0,4,20.0
46408,Evan Wright,Clothing,50.0,9,7.6767676767676765,5.0,Mideum,Q2,116.66666666666667,50.0,130.0,May,450.0,2,100.0
72187,Evan Wright,Clothing,500.75,6,7.6767676767676765,1.0,Mideum,Q5,200.25,50.0,500.75,April,3004.5,2,1001.5
56163,Diana Prince,Home & Kitchen,250.0,5,7.509708737864078,2.0,Low,Q4,266.9166666666667,500.75,-651.5,November,1250.0,4,49.925112331502746
70774,Diana Prince,Sports,500.75,11,7.402777777777778,1.0,High,Q5,417.1666666666667,250.0,550.8248876684972,June,5508.25,2,200.3
91121,Charlie Brown,Clothing,100.25,1,7.6767676767676765,4.0,Low,Q3,283.6666666666667,500.75,-0.05000000000001137,April,100.25,2,20.0199700449326
66942,Diana Prince,Home & Kitchen,10.5,14,7.509708737864078,6.0,High,Q1,203.83333333333334,100.25,90.4800299550674,August,147.0,3,10.473815461346634
48158,Charlie Brown,Sports,50.0,8,7.402777777777778,5.0,Mideum,Q2,53.583333333333336,10.5,139.52618453865335,October,400.0,4,476.1904761904762
25313,Bob Jones,Electronics,50.0,10,7.373626373626373,5.0,Mideum,Q2,36.833333333333336,50.0,-326.1904761904762,December,500.0,4,100.0
13093,Alice Smith,Sports,500.75,6,7.402777777777778,1.0,Mideum,Q5,200.25,50.0,500.75,December,3004.5,4,1001.5
51688,Bob Jones,Beauty,10.5,8,7.186868686868687,6.0,Mideum,Q1,187.08333333333334,500.75,-891.0,September,84.0,3,2.0968547179231156
18712,Evan Wright,Beauty,100.25,10,7.186868686868687,4.0,Mideum,Q3,203.83333333333334,10.5,198.15314528207688,March,1002.5,1,954.7619047619047
48258,Evan Wright,Beauty,-999.0,8,7.186868686868687,7.0,Mideum,Q1,-296.0833333333333,100.25,-1853.7619047619046,April,-7992.0,2,-996.5087281795512
89111,Charlie Brown,Beauty,500.75,8,7.186868686868687,1.0,Mideum,Q5,-132.66666666666666,-999.0,1597.258728179551,July,4006.0,3,-50.12512512512512
27602,Evan Wright,Home & Kitchen,50.0,11,7.509708737864078,5.0,High,Q2,-149.41666666666666,500.75,200.12512512512512,July,550.0,3,9.98502246630055
15415,Bob Jones,Clothing,10.5,10,7.6767676767676765,6.0,Mideum,Q1,187.08333333333334,50.0,100.51497753369945,December,105.0,4,21.0
22984,Diana Prince,Electronics,10.5,13,7.373626373626373,6.0,High,Q1,23.666666666666668,10.5,89.5,June,136.5,2,100.0
83781,Bob Jones,Electronics,50.0,4,7.373626373626373,5.0,Low,Q2,23.666666666666668,10.5,50.0,November,200.0,4,476.1904761904762
22201,Evan Wright,Home & Kitchen,100.25,8,7.509708737864078,4.0,Mideum,Q3,53.583333333333336,50.0,-275.9404761904762,April,802.0,2,200.5
40448,Alice Smith,Home & Kitchen,500.75,14,7.509708737864078,1.0,High,Q5,217.0,100.25,400.25,February,7010.5,1,499.501246882793
16640,Charlie Brown,Beauty,10.5,4,7.186868686868687,6.0,Low,Q1,203.83333333333334,500.75,-389.001246882793,September,42.0,3,2.0968547179231156
57614,Evan Wright,Clothing,100.25,3,7.6767676767676765,4.0,Low,Q3,203.83333333333334,10.5,198.15314528207688,February,300.75,1,954.7619047619047
14648,Evan Wright,Beauty,100.25,3,7.186868686868687,4.0,Low,Q3,70.33333333333333,100.25,-754.5119047619047,February,300.75,1,100.0
67132,Diana Prince,Clothing,100.25,7,7.6767676767676765,4.0,Mideum,Q3,100.25,100.25,100.25,July,701.75,3,100.0
31288,Charlie Brown,Electronics,500.75,3,7.373626373626373,1.0,Low,Q5,233.75,100.25,500.75,February,1502.25,1,499.501246882793
60861,Alice Smith,Clothing,500.75,1,7.6767676767676765,1.0,Low,Q5,367.25,500.75,101.248753117207,July,500.75,3,100.0
13430,Bob Jones,Sports,50.0,8,7.402777777777778,5.0,Mideum,Q2,350.5,500.75,50.0,December,400.0,4,9.98502246630055
91537,Bob Jones,Sports,10.5,1,7.402777777777778,6.0,Low,Q1,187.08333333333334,50.0,100.51497753369945,October,10.5,4,21.0
21664,Diana Prince,Clothing,50.0,8,7.6767676767676765,5.0,Mideum,Q2,36.833333333333336,10.5,129.0,August,400.0,3,476.1904761904762
67660,Alice Smith,Home & Kitchen,100.25,2,7.509708737864078,4.0,Low,Q3,53.583333333333336,50.0,-275.9404761904762,November,200.5,4,200.5
28574,Evan Wright,Sports,250.0,1,7.402777777777778,2.0,Low,Q4,133.41666666666666,100.25,149.5,April,250.0,2,249.37655860349128
36589,Alice Smith,Electronics,100.25,5,7.373626373626373,4.0,Low,Q3,150.16666666666666,250.0,-49.126558603491276,December,501.25,4,40.1
42733,Bob Jones,Clothing,50.0,6,7.6767676767676765,5.0,Mideum,Q2,133.41666666666666,100.25,109.9,June,300.0,2,49.87531172069826
22999,Evan Wright,Sports,500.75,4,7.402777777777778,1.0,Low,Q5,217.0,50.0,550.8746882793017,March,2003.0,1,1001.5
55084,Charlie Brown,Beauty,50.0,9,7.186868686868687,5.0,Mideum,Q2,200.25,500.75,-851.5,October,450.0,4,9.98502246630055
54859,Alice Smith,Beauty,10.5,2,7.186868686868687,6.0,Low,Q1,187.08333333333334,50.0,100.51497753369945,December,21.0,4,21.0
87236,Bob Jones,Electronics,500.75,11,7.373626373626373,1.0,High,Q5,187.08333333333334,10.5,579.75,March,5508.25,1,4769.047619047619
95451,Alice Smith,Home & Kitchen,142.93479355488418,10,7.509708737864078,3.0,Mideum,Q4,218.06159785162808,500.75,-4526.112825492735,December,1429.3479355488419,4,28.54414249723099
36017,Charlie Brown,Beauty,10.5,4,7.186868686868687,6.0,Low,Q1,218.06159785162808,142.93479355488418,81.95585750276902,September,42.0,3,7.346007041993036
84744,Evan Wright,Home & Kitchen,500.75,8,7.509708737864078,1.0,Mideum,Q5,218.06159785162808,10.5,593.4039929580069,February,4006.0,1,4769.047619047619
38865,Bob Jones,Beauty,250.0,10,7.186868686868687,2.0,Mideum,Q4,253.75,500.75,-4419.047619047619,September,2500.0,3,49.925112331502746
74772,Evan Wright,Home & Kitchen,10.5,5,7.509708737864078,6.0,Low,Q1,253.75,250.0,60.57488766849726,December,52.5,4,4.2
36737,Alice Smith,Sports,50.0,12,7.402777777777778,5.0,High,Q2,103.5,10.5,145.8,April,600.0,2,476.1904761904762
57304,Evan Wright,Clothing,100.25,1,7.6767676767676765,4.0,Low,Q3,53.583333333333336,50.0,-275.9404761904762,July,100.25,3,200.5
65554,Alice Smith,Electronics,250.0,9,7.373626373626373,2.0,Mideum,Q4,133.41666666666666,100.25,149.5,November,2250.0,4,249.37655860349128
24153,Charlie Brown,Electronics,500.75,10,7.373626373626373,1.0,Mideum,Q5,283.6666666666667,250.0,351.3734413965087,October,5007.5,4,200.3
22254,Charlie Brown,Beauty,100.25,6,7.186868686868687,4.0,Mideum,Q3,283.6666666666667,500.75,-0.05000000000001137,July,601.5,3,20.0199700449326
55004,Diana Prince,Home & Kitchen,500.75,4,7.509708737864078,1.0,Low,Q5,367.25,100.25,580.7300299550674,July,2003.0,3,499.501246882793
93807,Alice Smith,Beauty,50.0,9,7.186868686868687,5.0,Mideum,Q2,217.0,500.75,-349.501246882793,November,450.0,4,9.98502246630055
28449,Alice Smith,Clothing,500.75,14,7.6767676767676765,1.0,High,Q5,350.5,50.0,590.7649775336995,December,7010.5,4,1001.5
89767,Alice Smith,Sports,50.0,2,7.402777777777778,5.0,Low,Q2,200.25,500.75,-851.5,March,100.0,1,9.98502246630055
29816,Alice Smith,Home & Kitchen,50.0,10,7.509708737864078,5.0,Mideum,Q2,200.25,50.0,140.01497753369944,May,500.0,2,100.0
42265,Alice Smith,Beauty,250.0,4,7.186868686868687,2.0,Low,Q4,116.66666666666667,50.0,250.0,March,1000.0,1,500.0
45400,Evan Wright,Sports,50.0,3,7.402777777777778,5.0,Low,Q2,116.66666666666667,250.0,-350.0,July,150.0,3,20.0
93976,Alice Smith,Beauty,10.5,9,7.186868686868687,6.0,Mideum,Q1,103.5,50.0,90.5,July,94.5,3,21.0
68762,Evan Wright,Beauty,10.5,1,7.186868686868687,6.0,Low,Q1,23.666666666666668,10.5,89.5,January,10.5,1,100.0
93300,Charlie Brown,Electronics,500.75,12,7.373626373626373,1.0,High,Q5,173.91666666666666,10.5,500.75,December,6009.0,4,4769.047619047619
14263,Evan Wright,Sports,10.5,8,7.402777777777778,6.0,Mideum,Q1,173.91666666666666,500.75,-4658.547619047619,March,84.0,1,2.0968547179231156
49952,Evan Wright,Sports,10.5,1,7.402777777777778,6.0,Low,Q1,173.91666666666666,10.5,108.40314528207689,October,10.5,4,100.0
93524,Evan Wright,Sports,250.0,12,7.402777777777778,2.0,High,Q4,90.33333333333333,10.5,250.0,December,3000.0,4,2380.952380952381
69379,Bob Jones,Sports,250.0,9,7.402777777777778,2.0,Mideum,Q4,170.16666666666666,250.0,-2030.9523809523812,July,2250.0,3,100.0
62329,Charlie Brown,Home & Kitchen,50.0,5,7.509708737864078,5.0,Low,Q2,183.33333333333334,250.0,50.0,December,250.0,4,20.0
16540,Diana Prince,Beauty,10.5,1,7.186868686868687,6.0,Low,Q1,103.5,50.0,90.5,January,10.5,1,21.0
60192,Alice Smith,Clothing,10.5,11,7.6767676767676765,6.0,High,Q1,23.666666666666668,10.5,89.5,May,115.5,2,100.0
47198,Bob Jones,Sports,250.0,13,7.402777777777778,2.0,High,Q4,90.33333333333333,10.5,250.0,October,3250.0,4,2380.952380952381
84137,Alice Smith,Beauty,50.0,5,7.186868686868687,5.0,Low,Q2,103.5,250.0,-2230.952380952381,August,250.0,3,20.0
11591,Alice Smith,Clothing,10.5,8,7.6767676767676765,6.0,Mideum,Q1,103.5,50.0,90.5,January,84.0,1,21.0
96066,Evan Wright,Electronics,250.0,9,7.373626373626373,2.0,Mideum,Q4,103.5,10.5,329.0,June,2250.0,2,2380.952380952381
45133,Bob Jones,Sports,100.25,12,7.402777777777778,4.0,High,Q3,120.25,250.0,-2180.702380952381,September,1203.0,3,40.1
49063,Charlie Brown,Clothing,50.0,12,7.6767676767676765,5.0,High,Q2,133.41666666666666,100.25,109.9,September,600.0,3,49.87531172069826
24199,Bob Jones,Beauty,250.0,5,7.186868686868687,2.0,Low,Q4,133.41666666666666,50.0,300.1246882793017,January,1250.0,1,500.0
71550,Bob Jones,Beauty,10.5,1,7.186868686868687,6.0,Low,Q1,103.5,250.0,-389.5,January,10.5,1,4.2
85897,Alice Smith,Clothing,250.0,13,7.6767676767676765,2.0,High,Q4,170.16666666666666,10.5,345.8,May,3250.0,2,2380.952380952381
17083,Alice Smith,Home & Kitchen,100.25,4,7.509708737864078,4.0,Low,Q3,120.25,250.0,-2180.702380952381,May,401.0,2,40.1
55500,Alice Smith,Sports,500.75,14,7.402777777777778,1.0,High,Q5,283.6666666666667,100.25,560.65,April,7010.5,2,499.501246882793
31195,Diana Prince,Sports,250.0,14,7.402777777777778,2.0,High,Q4,283.6666666666667,500.75,-149.501246882793,February,3500.0,1,49.925112331502746
83340,Bob Jones,Sports,250.0,9,7.402777777777778,2.0,Mideum,Q4,333.5833333333333,250.0,300.07488766849724,July,2250.0,3,100.0
11007,Bob Jones,Sports,100.25,10,7.402777777777778,4.0,Mideum,Q3,200.08333333333334,250.0,100.25,March,1002.5,1,40.1
34578,Evan Wright,Sports,250.0,2,7.402777777777778,2.0,Low,Q4,200.08333333333334,100.25,309.9,March,500.0,1,249.37655860349128
98929,Bob Jones,Beauty,250.0,4,7.186868686868687,2.0,Low,Q4,200.08333333333334,250.0,100.62344139650872,February,1000.0,1,100.0
58770,Charlie Brown,Sports,10.5,4,7.402777777777778,6.0,Low,Q1,170.16666666666666,250.0,10.5,May,42.0,2,4.2
94976,Charlie Brown,Sports,100.25,8,7.402777777777778,4.0,Mideum,Q3,120.25,10.5,196.05,August,802.0,3,954.7619047619047
37961,Evan Wright,Electronics,50.0,6,7.373626373626373,5.0,Mideum,Q2,53.583333333333336,100.25,-804.7619047619047,May,300.0,2,49.87531172069826
50806,Alice Smith,Sports,100.25,6,7.402777777777778,4.0,Mideum,Q3,83.5,50.0,150.37468827930175,September,601.5,3,200.5
75641,Diana Prince,Sports,100.25,13,7.402777777777778,4.0,High,Q3,83.5,100.25,-0.2499999999999858,October,1303.25,4,100.0
16276,Bob Jones,Sports,100.25,12,7.402777777777778,4.0,High,Q3,100.25,100.25,100.25,June,1203.0,2,100.0
82750,Evan Wright,Electronics,50.0,8,7.373626373626373,5.0,Mideum,Q2,83.5,100.25,50.0,April,400.0,2,49.87531172069826
81719,Diana Prince,Beauty,250.0,2,7.186868686868687,2.0,Low,Q4,133.41666666666666,50.0,300.1246882793017,September,500.0,3,500.0
75155,Evan Wright,Beauty,10.5,12,7.186868686868687,6.0,High,Q1,103.5,250.0,-389.5,July,126.0,3,4.2
96231,Evan Wright,Clothing,250.0,7,7.6767676767676765,2.0,Mideum,Q4,170.16666666666666,10.5,345.8,December,1750.0,4,2380.952380952381
53001,Bob Jones,Clothing,10.5,10,7.6767676767676765,6.0,Mideum,Q1,90.33333333333333,250.0,-2270.452380952381,October,105.0,4,4.2
25896,Bob Jones,Electronics,10.5,1,7.373626373626373,6.0,Low,Q1,90.33333333333333,10.5,106.3,November,10.5,4,100.0
76656,Diana Prince,Beauty,100.25,7,7.186868686868687,4.0,Mideum,Q3,40.416666666666664,10.5,100.25,April,701.75,2,954.7619047619047
67775,Evan Wright,Electronics,250.0,3,7.373626373626373,2.0,Low,Q4,120.25,100.25,-604.7619047619047,September,750.0,3,249.37655860349128
91974,Bob Jones,Electronics,250.0,3,7.373626373626373,2.0,Low,Q4,200.08333333333334,250.0,100.62344139650872,November,750.0,4,100.0
47904,Diana Prince,Beauty,10.5,14,7.186868686868687,6.0,High,Q1,170.16666666666666,250.0,10.5,October,147.0,4,4.2
94555,Charlie Brown,Clothing,142.93479355488418,9,7.6767676767676765,3.0,Mideum,Q4,134.47826451829474,10.5,238.73479355488416,March,1286.4131419939577,1,1361.2837481417541
18070,Diana Prince,Clothing,10.5,12,7.6767676767676765,6.0,High,Q1,54.64493118496139,142.93479355488418,-1250.7837481417541,July,126.0,3,7.346007041993036
97266,Evan Wright,Clothing,250.0,12,7.6767676767676765,2.0,High,Q4,134.47826451829474,10.5,342.65399295800694,December,3000.0,4,2380.952380952381
83543,Charlie Brown,Home & Kitchen,50.0,2,7.509708737864078,5.0,Low,Q2,103.5,250.0,-2230.952380952381,October,100.0,4,20.0
12469,Evan Wright,Clothing,250.0,3,7.6767676767676765,2.0,Low,Q4,183.33333333333334,50.0,330.0,June,750.0,2,500.0
90885,Diana Prince,Electronics,500.75,11,7.373626373626373,1.0,High,Q5,266.9166666666667,250.0,100.75,December,5508.25,4,200.3
74772,Evan Wright,Sports,250.0,13,7.402777777777778,2.0,High,Q4,333.5833333333333,500.75,149.7,July,3250.0,3,49.925112331502746
49110,Evan Wright,Clothing,250.0,9,7.6767676767676765,2.0,Mideum,Q4,333.5833333333333,250.0,300.07488766849724,October,2250.0,4,100.0
54813,Evan Wright,Home & Kitchen,50.0,4,7.509708737864078,5.0,Low,Q2,183.33333333333334,250.0,50.0,February,200.0,1,20.0
11750,Alice Smith,Clothing,100.25,3,7.6767676767676765,4.0,Low,Q3,133.41666666666666,50.0,180.25,May,300.75,2,200.5
21653,Alice Smith,Home & Kitchen,10.5,2,7.509708737864078,6.0,Low,Q1,53.583333333333336,100.25,-89.99999999999999,February,21.0,1,10.473815461346634
97410,Bob Jones,Beauty,100.25,4,7.186868686868687,4.0,Low,Q3,70.33333333333333,10.5,189.77618453865335,June,401.0,2,954.7619047619047
52874,Evan Wright,Home & Kitchen,250.0,2,7.509708737864078,2.0,Low,Q4,120.25,100.25,-604.7619047619047,November,500.0,4,249.37655860349128
90818,Bob Jones,Home & Kitchen,250.0,2,7.509708737864078,2.0,Low,Q4,200.08333333333334,250.0,100.62344139650872,December,500.0,4,100.0
55420,Charlie Brown,Home & Kitchen,-999.0,12,7.509708737864078,7.0,High,Q1,-166.33333333333334,250.0,-999.0,May,-11988.0,2,-399.6
56197,Bob Jones,Electronics,500.75,3,7.373626373626373,1.0,Low,Q5,-82.75,-999.0,1000.35,December,1502.25,4,-50.12512512512512
37424,Charlie Brown,Clothing,250.0,9,7.6767676767676765,2.0,Mideum,Q4,-82.75,500.75,400.1251251251251,May,2250.0,2,49.925112331502746
95956,Diana Prince,Home & Kitchen,250.0,2,7.509708737864078,2.0,Low,Q4,333.5833333333333,250.0,300.07488766849724,September,500.0,3,100.0
65619,Evan Wright,Sports,500.75,1,7.402777777777778,1.0,Low,Q5,333.5833333333333,250.0,500.75,November,500.75,4,200.3
84441,Charlie Brown,Clothing,100.25,8,7.6767676767676765,4.0,Mideum,Q3,283.6666666666667,500.75,-0.05000000000001137,April,802.0,2,20.0199700449326
45772,Alice Smith,Clothing,500.75,7,7.6767676767676765,1.0,Mideum,Q5,367.25,100.25,580.7300299550674,February,3505.25,1,499.501246882793
90395,Bob Jones,Sports,50.0,7,7.402777777777778,5.0,Mideum,Q2,217.0,500.75,-349.501246882793,March,350.0,1,9.98502246630055
77675,Alice Smith,Home & Kitchen,50.0,12,7.509708737864078,5.0,High,Q2,200.25,50.0,140.01497753369944,October,600.0,4,100.0
52880,Charlie Brown,Clothing,250.0,9,7.6767676767676765,2.0,Mideum,Q4,116.66666666666667,50.0,250.0,September,2250.0,3,500.0
16154,Evan Wright,Beauty,100.25,1,7.186868686868687,4.0,Low,Q3,133.41666666666666,250.0,-299.75,January,100.25,1,40.1
29623,Evan Wright,Beauty,100.25,2,7.186868686868687,4.0,Low,Q3,150.16666666666666,100.25,160.15,June,200.5,2,100.0
85039,Evan Wright,Beauty,100.25,11,7.186868686868687,4.0,High,Q3,100.25,100.25,100.25,December,1102.75,4,100.0
43933,Charlie Brown,Home & Kitchen,100.25,13,7.509708737864078,4.0,High,Q3,100.25,100.25,100.25,November,1303.25,4,100.0
30611,Evan Wright,Electronics,250.0,2,7.373626373626373,2.0,Low,Q4,150.16666666666666,100.25,250.0,September,500.0,3,249.37655860349128
27685,Evan Wright,Electronics,10.5,3,7.373626373626373,6.0,Low,Q1,120.25,250.0,-138.87655860349128,June,31.5,2,4.2
51157,Evan Wright,Clothing,100.25,9,7.6767676767676765,4.0,Mideum,Q3,120.25,10.5,196.05,December,902.25,4,954.7619047619047
30079,Bob Jones,Electronics,100.25,9,7.373626373626373,4.0,Mideum,Q3,70.33333333333333,100.25,-754.5119047619047,September,902.25,3,100.0
56167,Bob Jones,Electronics,250.0,14,7.373626373626373,2.0,High,Q4,150.16666666666666,100.25,250.0,December,3500.0,4,249.37655860349128
41821,Charlie Brown,Home & Kitchen,100.25,10,7.509708737864078,4.0,Mideum,Q3,150.16666666666666,250.0,-49.126558603491276,February,1002.5,1,40.1
45435,Charlie Brown,Beauty,50.0,1,7.186868686868687,5.0,Low,Q2,133.41666666666666,100.25,109.9,April,50.0,2,49.87531172069826
93186,Bob Jones,Beauty,250.0,6,7.186868686868687,2.0,Mideum,Q4,133.41666666666666,50.0,300.1246882793017,August,1500.0,3,500.0
19847,Evan Wright,Beauty,10.5,13,7.186868686868687,6.0,High,Q1,103.5,250.0,-389.5,August,136.5,3,4.2
